id_cliente,orders_count,valor_min,valor_max,valor_mean,valor_median,valor_std,delay_mean,delay_max,pct_orders_delayed,last_order_date,first_order_date,recency_days,orders_per_month
1003899664289,3,250.0,250.0,250.0,250.0,0.0,6.333333333333333,8.0,1.0,2023-05-22,2023-03-10,1094,1.2328767123287672
1006479800959,3,250.0,250.0,250.0,250.0,0.0,-14.666666666666666,5.0,0.6666666666666666,2024-02-02,2023-11-23,838,1.267605633802817
1010025345946,3,250.0,750.0,416.6666666666667,250.0,288.6751345948129,1.0,1.0,1.0,2023-09-12,2023-08-30,981,6.9230769230769225
1012149504553,3,250.0,750.0,416.6666666666667,250.0,288.67513459481285,1.0,1.0,1.0,2023-10-03,2023-09-12,960,4.285714285714286
1041056461533,3,250.0,750.0,416.6666666666667,250.0,288.67513459481285,-15.333333333333334,3.0,0.6666666666666666,2023-12-20,2023-03-27,882,0.33582089552238803
1041363501491,3,250.0,750.0,416.6666666666667,250.0,288.67513459481285,2.3333333333333335,5.0,1.0,2023-12-13,2023-10-31,889,2.0930232558139537
1044998526583,3,250.0,250.0,250.0,250.0,0.0,8.666666666666666,12.5,1.0,2023-03-27,2023-01-25,1150,1.4754098360655739
1050676688813,3,250.0,250.0,250.0,250.0,0.0,1.6666666666666667,3.0,1.0,2023-12-15,2023-11-22,887,3.913043478260869
1054276094993,3,250.0,1500.0,666.6666666666666,250.0,721.6878364870322,1.0,1.0,1.0,2024-05-08,2023-11-29,742,0.5590062111801243
1056396665037,3,1500.0,1500.0,1500.0,1500.0,0.0,-33.0,1.0,0.3333333333333333,2023-05-23,2023-04-10,1093,2.0930232558139537
1057643365946,3,250.0,250.0,250.0,250.0,0.0,-16.0,1.0,0.6666666666666666,2024-04-11,2022-08-31,769,0.15280135823429541
1060642544658,3,250.0,250.0,250.0,250.0,0.0,-15.333333333333334,3.0,0.6666666666666666,2024-01-26,2023-12-07,845,1.7999999999999998
1071316921858,3,750.0,1500.0,1000.0,750.0,433.0127018922193,-50.0,-50.0,0.0,2023-08-08,2022-12-21,1016,0.3913043478260869
1074526913481,3,250.0,250.0,250.0,250.0,0.0,1.0,1.0,1.0,2023-10-03,2023-08-30,960,2.6470588235294117
1111265470873,3,750.0,750.0,750.0,750.0,0.0,2.3333333333333335,3.0,1.0,2023-02-17,2023-02-10,1188,12.857142857142858
1118196294948,3,250.0,250.0,250.0,250.0,0.0,4.666666666666667,8.0,1.0,2024-02-14,2023-02-23,826,0.25280898876404495
1121373046582,3,250.0,250.0,250.0,250.0,0.0,3.0,5.0,1.0,2024-05-15,2024-04-25,735,4.5
1126932041966,3,250.0,250.0,250.0,250.0,0.0,-50.0,-50.0,0.0,2023-11-25,2023-11-20,907,18.0
1149559588905,3,250.0,750.0,583.3333333333334,750.0,288.67513459481285,2.3333333333333335,3.0,1.0,2023-05-08,2023-04-26,1108,7.5
1188740301826,3,250.0,250.0,250.0,250.0,0.0,2.3333333333333335,5.0,1.0,2024-01-15,2023-09-19,856,0.7627118644067797
1190030058298,3,250.0,250.0,250.0,250.0,0.0,6.833333333333333,12.5,1.0,2023-10-26,2023-09-19,937,2.4324324324324325
1204933498025,3,250.0,250.0,250.0,250.0,0.0,7.166666666666667,12.5,1.0,2023-06-14,2023-05-21,1071,3.75
1228115362160,3,250.0,250.0,250.0,250.0,0.0,1.0,1.0,1.0,2023-04-19,2023-03-20,1127,3.0
1234858644426,3,250.0,250.0,250.0,250.0,0.0,1.6666666666666667,3.0,1.0,2024-05-16,2023-04-20,734,0.22959183673469388
1247471210968,3,250.0,1500.0,1083.3333333333333,1500.0,721.6878364870322,6.166666666666667,12.5,1.0,2023-11-22,2023-06-21,910,0.5844155844155844
1256713350101,3,250.0,250.0,250.0,250.0,0.0,1.0,1.0,1.0,2024-08-29,2023-10-26,629,0.2922077922077922
1267319844605,3,250.0,250.0,250.0,250.0,0.0,1.0,1.0,1.0,2023-07-08,2023-07-03,1047,18.0
1274404647504,3,250.0,250.0,250.0,250.0,0.0,5.5,12.5,1.0,2024-11-27,2024-05-09,539,0.44554455445544555
1284745192842,3,250.0,250.0,250.0,250.0,0.0,16.333333333333332,45.0,1.0,2023-10-18,2023-10-08,945,9.0
1295373204171,3,250.0,750.0,416.6666666666667,250.0,288.67513459481285,-32.333333333333336,3.0,0.3333333333333333,2024-04-26,2024-04-22,754,22.5
1301955505814,3,250.0,750.0,416.6666666666667,250.0,288.6751345948129,2.3333333333333335,3.0,1.0,2023-06-30,2023-05-16,1055,2.0
1313766237631,3,250.0,250.0,250.0,250.0,0.0,1.0,1.0,1.0,2024-01-16,2023-02-08,855,0.2631578947368421
1329495922240,3,250.0,250.0,250.0,250.0,0.0,4.833333333333333,12.5,1.0,2023-10-06,2023-03-29,957,0.47120418848167545
1331460853890,3,250.0,250.0,250.0,250.0,0.0,8.166666666666666,22.5,1.0,2024-06-11,2023-08-11,708,0.29508196721311475
1348532261009,3,1500.0,5001000.0,1668000.0,1500.0,2886462.670813534,1.0,1.0,1.0,2022-09-12,2022-08-22,1346,4.285714285714286
1366023753095,3,250.0,250.0,250.0,250.0,0.0,14.333333333333334,22.5,1.0,2023-08-10,2023-04-05,1014,0.7086614173228346
1376698964001,3,250.0,250.0,250.0,250.0,0.0,-50.0,-50.0,0.0,2023-08-30,2023-08-17,994,6.9230769230769225
1377277348131,3,250.0,250.0,250.0,250.0,0.0,1.0,1.0,1.0,2024-05-04,2023-06-26,746,0.28753993610223644
1377618222119,2,250.0,250.0,250.0,250.0,0.0,1.0,1.0,1.0,2023-07-29,2023-07-20,1026,6.666666666666667
1381909985950,3,750.0,5001000.0,1667500.0,750.0,2886895.6835154262,-15.333333333333334,3.0,0.6666666666666666,2023-03-31,2023-03-03,1146,3.2142857142857144
1382961467596,3,250.0,750.0,416.6666666666667,250.0,288.67513459481285,7.166666666666667,12.5,1.0,2024-05-02,2023-07-27,748,0.3214285714285714
1383960807328,3,250.0,250.0,250.0,250.0,0.0,3.3333333333333335,8.0,1.0,2024-02-01,2023-10-18,839,0.8490566037735849
1385668227872,3,250.0,250.0,250.0,250.0,0.0,1.0,1.0,1.0,2023-06-05,2023-04-28,1080,2.368421052631579
1396141555035,3,250.0,250.0,250.0,250.0,0.0,-14.666666666666666,5.0,0.6666666666666666,2023-03-15,2023-03-02,1162,6.9230769230769225
1399254044253,3,250.0,750.0,583.3333333333334,750.0,288.67513459481285,2.3333333333333335,5.0,1.0,2023-01-17,2022-09-05,1219,0.6716417910447761
1412446008189,3,250.0,1500.0,833.3333333333334,750.0,629.1528696058958,-50.0,-50.0,0.0,2022-05-31,2022-05-19,1450,7.5
1439384628215,3,250.0,250.0,250.0,250.0,0.0,2.3333333333333335,3.0,1.0,2023-03-15,2023-02-03,1162,2.25
1448193619455,3,250.0,250.0,250.0,250.0,0.0,-15.333333333333334,3.0,0.6666666666666666,2024-01-26,2023-05-18,845,0.3557312252964427
1472300490880,3,250.0,1500.0,666.6666666666666,250.0,721.6878364870322,1.0,1.0,1.0,2023-04-04,2023-03-31,1142,22.5
1495537461525,3,750.0,750.0,750.0,750.0,0.0,-16.0,1.0,0.6666666666666666,2023-08-11,2023-07-24,1013,5.0
1504585028147,3,250.0,750.0,416.6666666666667,250.0,288.67513459481285,1.6666666666666667,3.0,1.0,2023-08-14,2023-06-05,1010,1.2857142857142856
1514121240652,3,250.0,250.0,250.0,250.0,0.0,-33.0,1.0,0.3333333333333333,2023-08-02,2023-07-18,1022,6.0
1535557101731,3,250.0,250.0,250.0,250.0,0.0,1.6666666666666667,3.0,1.0,2023-10-30,2023-10-20,933,9.0
1547006260289,3,250.0,750.0,416.6666666666667,250.0,288.6751345948129,-50.0,-50.0,0.0,2024-09-19,2024-09-04,608,6.0
1548530015244,3,250.0,250.0,250.0,250.0,0.0,-16.0,1.0,0.6666666666666666,2023-11-21,2023-10-27,911,3.5999999999999996
1557614346727,3,250.0,1500.0,833.3333333333334,750.0,629.1528696058958,-33.0,1.0,0.3333333333333333,2023-11-29,2023-10-23,903,2.4324324324324325
1571843727821,3,750.0,1500.0,1000.0,750.0,433.0127018922193,1.6666666666666667,3.0,1.0,2023-04-10,2023-03-07,1136,2.6470588235294117
1572864112951,3,250.0,250.0,250.0,250.0,0.0,-14.666666666666666,3.0,0.6666666666666666,2023-04-20,2023-04-11,1126,10.0
1587324266661,3,250.0,750.0,416.6666666666667,250.0,288.67513459481285,-16.0,1.0,0.6666666666666666,2024-04-11,2023-08-17,769,0.37815126050420167
1604881175692,3,250.0,250.0,250.0,250.0,0.0,-15.333333333333334,3.0,0.6666666666666666,2023-12-13,2023-11-23,889,4.5
1608315548358,3,250.0,750.0,416.6666666666667,250.0,288.67513459481285,-50.0,-50.0,0.0,2023-09-01,2023-08-28,992,22.5
1613442634681,3,250.0,750.0,583.3333333333334,750.0,288.67513459481285,8.166666666666666,22.5,1.0,2023-06-20,2023-05-27,1065,3.75
1620683778756,3,250.0,250.0,250.0,250.0,0.0,-15.333333333333334,3.0,0.6666666666666666,2023-12-07,2023-11-06,895,2.9032258064516125
1634509250621,3,250.0,250.0,250.0,250.0,0.0,1.0,1.0,1.0,2023-04-26,2023-03-22,1120,2.571428571428571
1647475067616,3,250.0,250.0,250.0,250.0,0.0,1.0,1.0,1.0,2024-10-04,2023-08-08,593,0.2127659574468085
1661331034870,3,250.0,1500.0,833.3333333333334,750.0,629.1528696058958,-16.0,1.0,0.6666666666666666,2022-08-15,2022-06-27,1374,1.836734693877551
1661978274727,3,250.0,250.0,250.0,250.0,0.0,1666681.8333333333,5000030.0,1.0,2024-01-02,2023-09-08,869,0.7758620689655172
1683026115669,3,250.0,750.0,416.6666666666667,250.0,288.67513459481285,3.3333333333333335,8.0,1.0,2022-08-15,2022-08-10,1374,18.0
1684630845454,3,250.0,250.0,250.0,250.0,0.0,-31.666666666666668,5.0,0.3333333333333333,2023-09-14,2023-08-30,979,6.0
1704005746193,3,250.0,250.0,250.0,250.0,0.0,-33.0,1.0,0.3333333333333333,2023-12-13,2023-06-01,889,0.46153846153846156
1707086606046,3,250.0,250.0,250.0,250.0,0.0,-25.833333333333332,22.5,0.3333333333333333,2024-06-19,2024-06-12,700,12.857142857142858
1714176644029,3,250.0,750.0,416.6666666666667,250.0,288.67513459481285,1.0,1.0,1.0,2023-08-09,2023-06-29,1015,2.1951219512195124
1741568939727,3,250.0,750.0,583.3333333333334,750.0,288.67513459481285,1.0,1.0,1.0,2023-10-09,2023-09-20,954,4.736842105263158
1760921908199,3,250.0,250.0,250.0,250.0,0.0,5.666666666666667,8.0,1.0,2023-11-07,2023-09-28,925,2.25
1779536744168,3,250.0,250.0,250.0,250.0,0.0,1.6666666666666667,3.0,1.0,2023-06-09,2023-05-29,1076,8.181818181818182
1842925077109,3,750.0,5001000.0,1667500.0,750.0,2886895.6835154262,2.3333333333333335,5.0,1.0,2023-06-28,2023-06-07,1057,4.285714285714286
1851265976201,3,250.0,750.0,416.6666666666667,250.0,288.6751345948129,-33.0,1.0,0.3333333333333333,2024-07-29,2023-04-06,660,0.1875
1852874555869,3,250.0,5001000.0,3334083.3333333335,5001000.0,2887184.358650021,2.3333333333333335,3.0,1.0,2022-08-31,2022-08-29,1358,45.0
1858184671168,3,250.0,250.0,250.0,250.0,0.0,1.0,1.0,1.0,2023-10-26,2023-09-25,937,2.9032258064516125
1864834069096,3,250.0,750.0,416.6666666666667,250.0,288.67513459481285,-13.333333333333334,5.0,0.6666666666666666,2024-04-02,2023-11-30,778,0.7258064516129031
1865654678772,3,250.0,250.0,250.0,250.0,0.0,-50.0,-50.0,0.0,2023-06-14,2023-05-24,1071,4.285714285714286
1882173856344,3,250.0,250.0,250.0,250.0,0.0,-33.0,1.0,0.3333333333333333,2023-07-26,2023-07-13,1029,6.9230769230769225
1888282874906,3,250.0,250.0,250.0,250.0,0.0,1.0,1.0,1.0,2024-04-23,2024-03-12,757,2.142857142857143
1890566973096,3,250.0,250.0,250.0,250.0,0.0,-33.0,1.0,0.3333333333333333,2023-03-21,2023-02-09,1156,2.25
1899972949470,3,250.0,250.0,250.0,250.0,0.0,-15.333333333333334,3.0,0.6666666666666666,2023-09-01,2023-08-17,992,6.0
1902089537551,3,250.0,250.0,250.0,250.0,0.0,-33.0,1.0,0.3333333333333333,2024-06-28,2023-06-29,691,0.24657534246575344
1931570512620,3,250.0,250.0,250.0,250.0,0.0,-29.166666666666668,12.5,0.3333333333333333,2024-07-31,2024-06-13,658,1.875
1942807589093,3,250.0,250.0,250.0,250.0,0.0,1.0,1.0,1.0,2023-06-14,2023-05-19,1071,3.4615384615384612
1947954478117,3,250.0,250.0,250.0,250.0,0.0,1.6666666666666667,3.0,1.0,2023-10-01,2023-09-18,962,6.9230769230769225
1950463580513,3,250.0,250.0,250.0,250.0,0.0,1.6666666666666667,3.0,1.0,2023-10-02,2023-08-16,961,1.9148936170212767
1966822674427,2,250.0,250.0,250.0,250.0,0.0,-24.5,1.0,0.5,2023-09-27,2023-09-20,966,8.571428571428571
1971845305510,3,5001000.0,5001000.0,5001000.0,5001000.0,0.0,-50.0,-50.0,0.0,2022-06-27,2022-06-06,1423,4.285714285714286
1984773827405,3,250.0,250.0,250.0,250.0,0.0,-16.0,1.0,0.6666666666666666,2024-04-02,2024-03-12,778,4.285714285714286
2000359023132,3,250.0,750.0,416.6666666666667,250.0,288.67513459481285,-16.0,1.0,0.6666666666666666,2023-07-24,2023-07-07,1031,5.294117647058823
2001392298070,3,250.0,1500.0,666.6666666666666,250.0,721.6878364870322,1.6666666666666667,3.0,1.0,2023-03-03,2023-01-04,1174,1.5517241379310345
2008198288046,1,250.0,250.0,250.0,250.0,,1.0,1.0,1.0,2023-08-30,2023-08-30,994,1.0
2040000698192,3,250.0,250.0,250.0,250.0,0.0,2.3333333333333335,3.0,1.0,2023-12-22,2023-11-24,880,3.2142857142857144
2047856948008,3,250.0,250.0,250.0,250.0,0.0,-14.666666666666666,3.0,0.6666666666666666,2023-07-06,2023-05-12,1049,1.6363636363636365
2053680186239,3,750.0,750.0,750.0,750.0,0.0,-50.0,-50.0,0.0,2024-10-03,2024-09-19,594,6.428571428571429
2067047908291,3,250.0,250.0,250.0,250.0,0.0,-15.333333333333334,3.0,0.6666666666666666,2023-07-21,2023-06-28,1034,3.913043478260869
2067909547210,3,250.0,250.0,250.0,250.0,0.0,-16.0,1.0,0.6666666666666666,2023-03-29,2023-03-16,1148,6.9230769230769225
2077033992024,3,250.0,750.0,416.6666666666667,250.0,288.6751345948129,-16.0,1.0,0.6666666666666666,2024-04-03,2023-09-19,777,0.4568527918781726
2130742559751,3,250.0,250.0,250.0,250.0,0.0,1.6666666666666667,3.0,1.0,2023-11-04,2023-10-13,928,4.090909090909091
2132665613952,3,250.0,250.0,250.0,250.0,0.0,-15.333333333333334,3.0,0.6666666666666666,2023-08-29,2023-07-07,995,1.6981132075471699
2141048260011,3,250.0,250.0,250.0,250.0,0.0,1.0,1.0,1.0,2023-04-19,2023-03-22,1127,3.2142857142857144
2149745096893,3,250.0,250.0,250.0,250.0,0.0,-16.0,1.0,0.6666666666666666,2023-06-28,2023-05-31,1057,3.2142857142857144
2153739688514,3,250.0,250.0,250.0,250.0,0.0,-33.0,1.0,0.3333333333333333,2024-07-31,2023-07-04,658,0.22900763358778625
2155866351980,3,250.0,250.0,250.0,250.0,0.0,3.6666666666666665,5.0,1.0,2023-02-28,2023-02-03,1177,3.5999999999999996
2167534464485,3,750.0,5001000.0,1667500.0,750.0,2886895.6835154262,-33.0,1.0,0.3333333333333333,2023-10-02,2023-08-30,961,2.727272727272727
2177118475935,3,250.0,250.0,250.0,250.0,0.0,4.0,8.0,1.0,2023-07-30,2023-06-23,1025,2.4324324324324325
2184936993592,3,250.0,250.0,250.0,250.0,0.0,-50.0,-50.0,0.0,2023-12-14,2023-11-30,888,6.428571428571429
2202788496728,3,250.0,750.0,416.6666666666667,250.0,288.67513459481285,-50.0,-50.0,0.0,2024-02-29,2023-05-25,811,0.3214285714285714
2220451704269,3,750.0,750.0,750.0,750.0,0.0,-16.0,1.0,0.6666666666666666,2023-05-03,2023-04-06,1113,3.333333333333333
2237289228877,3,250.0,750.0,416.6666666666667,250.0,288.67513459481285,-50.0,-50.0,0.0,2024-10-23,2024-09-05,574,1.875
2246069271190,3,250.0,250.0,250.0,250.0,0.0,-16.0,1.0,0.6666666666666666,2023-06-30,2023-06-14,1055,5.625
2259310771139,3,250.0,250.0,250.0,250.0,0.0,-50.0,-50.0,0.0,2023-06-09,2023-05-24,1076,5.625
2293118915086,3,750.0,1500.0,1000.0,750.0,433.0127018922193,1.0,1.0,1.0,2023-04-04,2023-01-31,1142,1.4285714285714286
2305545553075,3,250.0,250.0,250.0,250.0,0.0,-33.0,1.0,0.3333333333333333,2023-10-25,2023-09-21,938,2.6470588235294117
2315167152077,3,250.0,250.0,250.0,250.0,0.0,1666678.0,5000030.0,1.0,2023-10-17,2023-09-11,946,2.5
2315912887494,3,250.0,250.0,250.0,250.0,0.0,2.3333333333333335,5.0,1.0,2024-01-09,2023-03-01,862,0.28662420382165604
2326551452429,3,750.0,750.0,750.0,750.0,0.0,1.0,1.0,1.0,2023-06-26,2023-05-19,1059,2.368421052631579
2332106534142,3,250.0,250.0,250.0,250.0,0.0,1.0,1.0,1.0,2023-11-08,2023-10-13,924,3.4615384615384612
2337208412555,3,250.0,250.0,250.0,250.0,0.0,-33.0,1.0,0.3333333333333333,2024-08-17,2023-11-20,641,0.33210332103321033
2339978236319,3,250.0,750.0,416.6666666666667,250.0,288.67513459481285,10.833333333333334,22.5,1.0,2023-07-11,2023-03-17,1044,0.7758620689655172
2354674458511,3,250.0,250.0,250.0,250.0,0.0,1666680.3333333333,5000030.0,1.0,2023-07-26,2023-07-13,1029,6.9230769230769225
2362641885050,3,250.0,250.0,250.0,250.0,0.0,-50.0,-50.0,0.0,2023-04-08,2023-02-13,1138,1.6666666666666665
2400579190547,3,250.0,250.0,250.0,250.0,0.0,-13.666666666666666,8.0,0.6666666666666666,2024-07-02,2023-10-13,687,0.34220532319391633
2406626362800,3,250.0,250.0,250.0,250.0,0.0,9.5,22.5,1.0,2023-06-07,2023-03-07,1078,0.9782608695652173
2433851644197,3,250.0,250.0,250.0,250.0,0.0,1.0,1.0,1.0,2024-01-24,2023-10-13,847,0.8737864077669903
2434199342001,3,250.0,250.0,250.0,250.0,0.0,-50.0,-50.0,0.0,2024-01-09,2023-11-22,862,1.875
2450494213890,3,250.0,750.0,416.6666666666667,250.0,288.67513459481285,-16.0,1.0,0.6666666666666666,2024-05-27,2023-10-05,723,0.3829787234042553
2451376066831,3,250.0,1500.0,833.3333333333334,750.0,629.1528696058958,1.6666666666666667,3.0,1.0,2024-01-15,2023-10-20,856,1.0344827586206897
2457587295536,3,250.0,250.0,250.0,250.0,0.0,1.6666666666666667,3.0,1.0,2024-01-22,2023-12-13,849,2.25
2459198413455,3,250.0,250.0,250.0,250.0,0.0,-50.0,-50.0,0.0,2024-03-01,2023-10-26,810,0.7086614173228346
2491340185938,3,250.0,250.0,250.0,250.0,0.0,3.6666666666666665,5.0,1.0,2023-08-18,2023-06-15,1006,1.40625
2505369482213,3,250.0,750.0,416.6666666666667,250.0,288.67513459481285,-16.0,1.0,0.6666666666666666,2023-08-11,2023-07-19,1013,3.913043478260869
2512778913647,3,250.0,750.0,583.3333333333334,750.0,288.67513459481285,1.0,1.0,1.0,2023-08-23,2023-07-17,1001,2.4324324324324325
2516101217973,3,250.0,250.0,250.0,250.0,0.0,1.0,1.0,1.0,2023-10-09,2023-09-20,954,4.736842105263158
2534291125429,3,250.0,250.0,250.0,250.0,0.0,-15.333333333333334,3.0,0.6666666666666666,2023-10-27,2023-01-27,936,0.32967032967032966
2535060340308,3,250.0,250.0,250.0,250.0,0.0,-14.666666666666666,3.0,0.6666666666666666,2023-10-06,2023-09-18,957,5.0
2557143288097,3,250.0,1500.0,833.3333333333334,750.0,629.1528696058958,-32.333333333333336,3.0,0.3333333333333333,2023-05-24,2023-05-11,1092,6.9230769230769225
2568233507829,3,250.0,750.0,416.6666666666667,250.0,288.67513459481285,-50.0,-50.0,0.0,2023-10-24,2023-10-17,939,12.857142857142858
2568487893196,3,1500.0,5001000.0,1668000.0,1500.0,2886462.670813534,-15.333333333333334,3.0,0.6666666666666666,2024-05-28,2023-08-24,722,0.3237410071942446
2570775475037,3,250.0,750.0,583.3333333333334,750.0,288.67513459481285,1.0,1.0,1.0,2023-05-25,2023-04-29,1091,3.4615384615384612
2574773764744,3,250.0,250.0,250.0,250.0,0.0,8.166666666666666,22.5,1.0,2024-04-16,2023-04-14,764,0.24456521739130432
2575291458314,3,250.0,250.0,250.0,250.0,0.0,15.833333333333334,22.5,1.0,2024-08-30,2023-02-10,628,0.15873015873015875
2576502769228,3,250.0,750.0,416.6666666666667,250.0,288.6751345948129,-16.0,1.0,0.6666666666666666,2023-03-09,2023-03-01,1168,11.25
2589385861210,3,1500.0,1500.0,1500.0,1500.0,0.0,-8.833333333333334,22.5,0.6666666666666666,2023-08-14,2023-06-29,1010,1.9565217391304346
2609940338712,3,250.0,250.0,250.0,250.0,0.0,-16.0,1.0,0.6666666666666666,2024-04-08,2022-08-11,772,0.1485148514851485
2610173082684,3,250.0,750.0,416.6666666666667,250.0,288.67513459481285,-13.0,8.0,0.6666666666666666,2024-05-06,2023-05-09,744,0.24793388429752067
2613838807885,3,250.0,750.0,583.3333333333334,750.0,288.6751345948129,-16.0,1.0,0.6666666666666666,2024-01-25,2023-06-07,846,0.3879310344827586
2658036162514,3,250.0,750.0,583.3333333333334,750.0,288.67513459481285,-16.0,1.0,0.6666666666666666,2024-01-03,2023-07-27,868,0.5625
2692827276701,3,250.0,250.0,250.0,250.0,0.0,-33.0,1.0,0.3333333333333333,2023-09-14,2023-07-10,979,1.3636363636363635
2700277813956,3,250.0,250.0,250.0,250.0,0.0,2.3333333333333335,3.0,1.0,2024-12-11,2023-06-26,525,0.16853932584269662
2715302133798,3,250.0,250.0,250.0,250.0,0.0,6.166666666666667,12.5,1.0,2023-11-27,2023-10-11,905,1.9148936170212767
2715980197441,3,250.0,250.0,250.0,250.0,0.0,15.333333333333334,22.5,1.0,2023-05-29,2023-03-27,1087,1.4285714285714286
2726213845090,3,250.0,1500.0,1083.3333333333333,1500.0,721.6878364870322,1.0,1.0,1.0,2023-05-19,2023-01-31,1097,0.8333333333333333
2774966884264,3,250.0,250.0,250.0,250.0,0.0,-15.333333333333334,3.0,0.6666666666666666,2023-11-21,2023-10-05,911,1.9148936170212767
2851944901327,3,250.0,250.0,250.0,250.0,0.0,1.0,1.0,1.0,2023-08-28,2023-07-07,996,1.7307692307692306
2866938044145,3,250.0,5001000.0,1667166.6666666667,250.0,2887184.358650021,-16.0,1.0,0.6666666666666666,2024-06-05,2023-04-25,714,0.22113022113022113
2871100199324,3,250.0,250.0,250.0,250.0,0.0,-33.0,1.0,0.3333333333333333,2024-01-16,2023-12-08,855,2.3076923076923075
2880763512424,3,250.0,250.0,250.0,250.0,0.0,1.6666666666666667,3.0,1.0,2024-03-18,2024-02-19,793,3.2142857142857144
2900266029435,3,250.0,250.0,250.0,250.0,0.0,1.0,1.0,1.0,2024-01-03,2023-11-06,868,1.5517241379310345
2901889914341,3,250.0,750.0,416.6666666666667,250.0,288.6751345948129,2.3333333333333335,3.0,1.0,2023-04-06,2023-02-17,1140,1.875
2903567037589,3,250.0,250.0,250.0,250.0,0.0,-50.0,-50.0,0.0,2024-07-18,2024-07-10,671,11.25
2918438151968,3,250.0,250.0,250.0,250.0,0.0,6.166666666666667,12.5,1.0,2024-04-30,2024-03-18,750,2.0930232558139537
2926607656741,3,250.0,250.0,250.0,250.0,0.0,-15.333333333333334,3.0,0.6666666666666666,2024-01-17,2023-11-22,854,1.6071428571428572
2932344322633,3,250.0,750.0,416.6666666666667,250.0,288.67513459481285,-33.0,1.0,0.3333333333333333,2023-08-16,2022-08-16,1008,0.24657534246575344
2937395117094,3,250.0,250.0,250.0,250.0,0.0,-12.166666666666666,12.5,0.6666666666666666,2023-09-08,2023-08-24,985,6.0
2937644868999,3,250.0,250.0,250.0,250.0,0.0,1.6666666666666667,3.0,1.0,2023-12-15,2023-11-13,887,2.8125
2940139193441,3,250.0,750.0,583.3333333333334,750.0,288.67513459481285,-16.0,1.0,0.6666666666666666,2023-02-24,2023-02-14,1181,9.0
2942802479546,3,250.0,250.0,250.0,250.0,0.0,-50.0,-50.0,0.0,2024-09-12,2024-09-05,615,12.857142857142858
2946361534283,3,250.0,750.0,416.6666666666667,250.0,288.6751345948129,-33.0,1.0,0.3333333333333333,2025-12-29,2023-02-11,142,0.08555133079847908
2947870125173,3,250.0,250.0,250.0,250.0,0.0,1.0,1.0,1.0,2023-12-18,2023-11-28,884,4.5
2973957457251,3,250.0,250.0,250.0,250.0,0.0,-33.0,1.0,0.3333333333333333,2023-12-04,2023-11-21,898,6.9230769230769225
2974966383353,3,250.0,750.0,583.3333333333334,750.0,288.67513459481285,-14.0,5.0,0.6666666666666666,2023-12-21,2023-11-28,881,3.913043478260869
2978705358953,3,250.0,250.0,250.0,250.0,0.0,-14.666666666666666,5.0,0.6666666666666666,2023-10-06,2023-09-06,957,3.0
2995972589333,3,250.0,250.0,250.0,250.0,0.0,1.6666666666666667,3.0,1.0,2024-03-13,2023-09-06,798,0.4761904761904762
3003202648604,3,250.0,250.0,250.0,250.0,0.0,-16.0,1.0,0.6666666666666666,2023-11-29,2023-10-17,903,2.0930232558139537
3009976563892,3,250.0,250.0,250.0,250.0,0.0,-16.0,1.0,0.6666666666666666,2023-04-19,2022-06-23,1127,0.3
3012101486648,3,250.0,750.0,583.3333333333334,750.0,288.6751345948129,-33.0,1.0,0.3333333333333333,2025-06-12,2024-04-24,342,0.21739130434782608
3016414609215,3,250.0,250.0,250.0,250.0,0.0,6.166666666666667,12.5,1.0,2023-11-08,2023-09-28,924,2.1951219512195124
3022437946161,3,250.0,250.0,250.0,250.0,0.0,1.0,1.0,1.0,2023-05-22,2023-04-26,1094,3.4615384615384612
3040376831830,3,250.0,750.0,416.6666666666667,250.0,288.67513459481285,-12.166666666666666,12.5,0.6666666666666666,2025-04-17,2022-12-08,398,0.10452961672473868
3048815138334,3,250.0,250.0,250.0,250.0,0.0,-15.333333333333334,3.0,0.6666666666666666,2023-09-08,2023-08-17,985,4.090909090909091
3058419746885,3,250.0,5001000.0,1667333.3333333333,750.0,2887040.0319069587,-50.0,-50.0,0.0,2025-12-19,2022-04-28,152,0.067618332081142
3075634846892,3,250.0,250.0,250.0,250.0,0.0,1.0,1.0,1.0,2023-08-29,2023-08-08,995,4.285714285714286
3080594478971,3,250.0,250.0,250.0,250.0,0.0,4.833333333333333,12.5,1.0,2023-10-31,2023-09-19,932,2.142857142857143
3126892214407,3,250.0,250.0,250.0,250.0,0.0,1.6666666666666667,3.0,1.0,2023-06-16,2023-05-30,1069,5.294117647058823
3149703108124,3,250.0,250.0,250.0,250.0,0.0,-16.0,1.0,0.6666666666666666,2024-02-09,2023-09-18,831,0.625
3152224670393,3,250.0,250.0,250.0,250.0,0.0,5.5,12.5,1.0,2023-11-20,2023-04-27,912,0.43478260869565216
3154095386640,3,250.0,750.0,416.6666666666667,250.0,288.6751345948129,-14.666666666666666,5.0,0.6666666666666666,2024-01-24,2023-11-22,847,1.4285714285714286
3166060271273,3,250.0,750.0,583.3333333333334,750.0,288.67513459481285,2.3333333333333335,5.0,1.0,2023-11-06,2023-10-24,926,6.9230769230769225
3177691850880,3,250.0,250.0,250.0,250.0,0.0,2.3333333333333335,3.0,1.0,2023-06-22,2023-05-31,1063,4.090909090909091
3192618525263,3,250.0,250.0,250.0,250.0,0.0,-50.0,-50.0,0.0,2023-07-25,2023-06-12,1030,2.0930232558139537
3197601678941,3,250.0,250.0,250.0,250.0,0.0,1.0,1.0,1.0,2023-06-01,2023-02-25,1084,0.9375
3199775602071,3,250.0,250.0,250.0,250.0,0.0,-15.333333333333334,3.0,0.6666666666666666,2024-03-26,2023-10-03,785,0.5142857142857143
3203166621981,3,250.0,250.0,250.0,250.0,0.0,-16.0,1.0,0.6666666666666666,2023-12-06,2023-11-28,896,11.25
3219356462494,3,250.0,250.0,250.0,250.0,0.0,3.0,5.0,1.0,2023-05-09,2023-03-14,1107,1.6071428571428572
3237695980369,3,250.0,250.0,250.0,250.0,0.0,-14.666666666666666,5.0,0.6666666666666666,2023-08-03,2023-06-15,1021,1.836734693877551
3251106345464,3,250.0,250.0,250.0,250.0,0.0,-50.0,-50.0,0.0,2023-10-16,2023-08-14,947,1.4285714285714286
3255994452574,3,250.0,250.0,250.0,250.0,0.0,1.0,1.0,1.0,2023-07-17,2023-06-20,1038,3.333333333333333
3275475141380,2,250.0,250.0,250.0,250.0,0.0,2.0,3.0,1.0,2023-07-11,2023-06-30,1044,5.454545454545455
3310630386222,3,250.0,250.0,250.0,250.0,0.0,3.0,3.0,1.0,2023-05-29,2023-05-05,1087,3.75
3310633687233,3,250.0,250.0,250.0,250.0,0.0,1.0,1.0,1.0,2023-08-21,2023-07-18,1003,2.6470588235294117
3315475386238,3,250.0,250.0,250.0,250.0,0.0,-13.0,8.0,0.6666666666666666,2023-11-20,2023-10-23,912,3.2142857142857144
3324781541084,3,250.0,750.0,416.6666666666667,250.0,288.67513459481285,1.0,1.0,1.0,2023-04-11,2023-03-17,1135,3.5999999999999996
3326510447644,3,250.0,750.0,416.6666666666667,250.0,288.67513459481285,-33.0,1.0,0.3333333333333333,2023-07-20,2023-06-27,1035,3.913043478260869
3327840832503,3,250.0,250.0,250.0,250.0,0.0,1.6666666666666667,3.0,1.0,2024-01-18,2023-02-02,853,0.2571428571428572
3330257166187,3,250.0,750.0,416.6666666666667,250.0,288.67513459481285,-33.0,1.0,0.3333333333333333,2024-08-23,2023-05-24,635,0.19693654266958427
3331478110976,3,250.0,1500.0,833.3333333333334,750.0,629.1528696058958,-50.0,-50.0,0.0,2023-05-19,2023-05-03,1097,5.625
3331677696569,3,250.0,750.0,416.6666666666667,250.0,288.67513459481285,-50.0,-50.0,0.0,2023-07-21,2023-07-03,1034,5.0
3339684155047,3,750.0,750.0,750.0,750.0,0.0,-50.0,-50.0,0.0,2024-09-17,2024-09-03,610,6.428571428571429
3345769688743,3,750.0,750.0,750.0,750.0,0.0,1.6666666666666667,3.0,1.0,2023-04-04,2023-03-22,1142,6.9230769230769225
3350649334287,3,250.0,750.0,416.6666666666667,250.0,288.67513459481285,1.0,1.0,1.0,2024-02-01,2023-11-24,839,1.3043478260869565
3360295514688,3,250.0,250.0,250.0,250.0,0.0,1.0,1.0,1.0,2023-11-29,2023-11-06,903,3.913043478260869
3382090435046,3,250.0,250.0,250.0,250.0,0.0,1.0,1.0,1.0,2023-12-14,2023-11-24,888,4.5
3384432493099,3,250.0,250.0,250.0,250.0,0.0,1.6666666666666667,3.0,1.0,2023-10-30,2023-10-10,933,4.5
3386569374636,3,250.0,250.0,250.0,250.0,0.0,-16.0,1.0,0.6666666666666666,2024-06-12,2024-03-14,707,1.0
3387140705844,3,250.0,750.0,416.6666666666667,250.0,288.67513459481285,1.0,1.0,1.0,2023-04-05,2023-03-27,1141,10.0
3396782840730,3,250.0,250.0,250.0,250.0,0.0,3.0,5.0,1.0,2023-08-10,2023-07-19,1014,4.090909090909091
3406299429712,3,250.0,250.0,250.0,250.0,0.0,1.6666666666666667,3.0,1.0,2024-10-24,2023-09-21,573,0.22556390977443608
3423522517090,3,250.0,250.0,250.0,250.0,0.0,4.833333333333333,12.5,1.0,2024-03-30,2023-09-25,781,0.48128342245989303
3427001941370,3,250.0,1500.0,833.3333333333334,750.0,629.1528696058958,1.0,1.0,1.0,2022-09-21,2022-09-14,1337,12.857142857142858
3446900056311,3,250.0,750.0,416.6666666666667,250.0,288.67513459481285,7.166666666666667,12.5,1.0,2024-01-18,2023-09-19,853,0.7438016528925621
3459230658400,3,250.0,250.0,250.0,250.0,0.0,-50.0,-50.0,0.0,2023-08-02,2023-07-17,1022,5.625
3459428322412,3,250.0,5001000.0,1667166.6666666667,250.0,2887184.358650021,-33.0,1.0,0.3333333333333333,2024-07-18,2022-12-19,671,0.1559792027729636
3460411117295,3,250.0,750.0,416.6666666666667,250.0,288.6751345948129,1.0,1.0,1.0,2023-04-26,2023-03-15,1120,2.142857142857143
3464109977526,3,250.0,750.0,416.6666666666667,250.0,288.6751345948129,-50.0,-50.0,0.0,2023-10-23,2023-10-09,940,6.428571428571429
3467901896938,3,250.0,250.0,250.0,250.0,0.0,8.166666666666666,22.5,1.0,2024-04-22,2023-05-17,758,0.26392961876832843
3469531155445,3,250.0,250.0,250.0,250.0,0.0,3.3333333333333335,8.0,1.0,2024-01-29,2023-09-28,842,0.7317073170731708
3469739510276,3,750.0,1500.0,1000.0,750.0,433.0127018922193,1.0,1.0,1.0,2023-08-01,2023-05-03,1023,1.0
3473704618913,3,250.0,250.0,250.0,250.0,0.0,-33.0,1.0,0.3333333333333333,2024-03-03,2023-06-14,808,0.34220532319391633
3473802856488,3,250.0,750.0,583.3333333333334,750.0,288.6751345948129,1.6666666666666667,3.0,1.0,2023-02-24,2023-02-08,1181,5.625
3475844198000,3,250.0,750.0,416.6666666666667,250.0,288.6751345948129,-33.0,1.0,0.3333333333333333,2023-07-11,2023-06-16,1044,3.5999999999999996
3476527849977,3,250.0,750.0,583.3333333333334,750.0,288.67513459481285,-16.0,1.0,0.6666666666666666,2024-06-01,2024-05-22,718,9.0
3488648187346,3,250.0,250.0,250.0,250.0,0.0,-15.333333333333334,3.0,0.6666666666666666,2023-07-05,2023-05-22,1050,2.0454545454545454
3491850646738,3,250.0,250.0,250.0,250.0,0.0,-16.0,1.0,0.6666666666666666,2023-12-14,2023-02-02,888,0.2857142857142857
3521061557616,3,250.0,250.0,250.0,250.0,0.0,-32.333333333333336,3.0,0.3333333333333333,2024-05-29,2023-02-16,721,0.19230769230769232
3522018696371,3,250.0,250.0,250.0,250.0,0.0,-30.666666666666668,8.0,0.3333333333333333,2023-04-03,2023-03-03,1143,2.9032258064516125
3522809036459,3,250.0,250.0,250.0,250.0,0.0,9.5,22.5,1.0,2024-06-02,2023-09-27,717,0.36144578313253006
3523539909534,3,250.0,250.0,250.0,250.0,0.0,-50.0,-50.0,0.0,2023-04-29,2023-03-31,1117,3.103448275862069
3544196416418,3,250.0,250.0,250.0,250.0,0.0,1.0,1.0,1.0,2023-10-01,2023-08-17,962,2.0
3547742523399,3,250.0,250.0,250.0,250.0,0.0,1.0,1.0,1.0,2024-04-30,2023-07-20,750,0.3157894736842105
3557513369927,3,250.0,750.0,583.3333333333334,750.0,288.67513459481285,3333355.0,5000030.0,1.0,2023-06-30,2023-06-23,1055,12.857142857142858
3582080584441,3,250.0,250.0,250.0,250.0,0.0,4.833333333333333,12.5,1.0,2024-01-25,2023-05-22,846,0.36290322580645157
3587125197083,3,250.0,250.0,250.0,250.0,0.0,1.0,1.0,1.0,2023-08-16,2023-08-02,1008,6.428571428571429
3591555670667,3,250.0,250.0,250.0,250.0,0.0,2.3333333333333335,3.0,1.0,2023-09-14,2023-07-20,979,1.6071428571428572
3620923293723,3,250.0,250.0,250.0,250.0,0.0,3.3333333333333335,8.0,1.0,2023-09-15,2023-08-24,978,4.090909090909091
3623501499565,3,250.0,250.0,250.0,250.0,0.0,1.6666666666666667,3.0,1.0,2023-04-25,2023-04-10,1121,6.0
3632506794925,3,250.0,5001000.0,1667333.3333333333,750.0,2887040.0319069587,-33.0,1.0,0.3333333333333333,2023-02-28,2023-01-16,1177,2.0930232558139537
3642927174697,3,250.0,250.0,250.0,250.0,0.0,-50.0,-50.0,0.0,2022-06-02,2022-05-31,1448,45.0
3650154432987,3,250.0,5001000.0,1667333.3333333333,750.0,2887040.0319069587,1.6666666666666667,3.0,1.0,2023-05-31,2023-05-16,1085,6.0
3657909391590,3,250.0,250.0,250.0,250.0,0.0,1.6666666666666667,3.0,1.0,2024-05-09,2023-09-22,741,0.3913043478260869
3666785109801,3,250.0,250.0,250.0,250.0,0.0,-16.0,1.0,0.6666666666666666,2023-10-31,2023-10-06,932,3.5999999999999996
3680894266008,3,250.0,250.0,250.0,250.0,0.0,1.0,1.0,1.0,2023-11-13,2023-09-28,919,1.9565217391304346
3696600577525,3,250.0,250.0,250.0,250.0,0.0,1.6666666666666667,3.0,1.0,2023-08-03,2023-07-17,1021,5.294117647058823
3696797831707,3,250.0,750.0,416.6666666666667,250.0,288.6751345948129,-12.166666666666666,12.5,0.6666666666666666,2024-02-28,2024-01-24,812,2.571428571428571
3703815540508,3,250.0,250.0,250.0,250.0,0.0,1.6666666666666667,3.0,1.0,2024-04-24,2023-08-24,756,0.36885245901639346
3734805007754,3,250.0,250.0,250.0,250.0,0.0,-16.0,1.0,0.6666666666666666,2023-06-20,2023-06-05,1065,6.0
3735377529151,3,250.0,1500.0,833.3333333333334,750.0,629.1528696058958,1.0,1.0,1.0,2023-08-28,2023-08-08,996,4.5
3739914251292,3,250.0,250.0,250.0,250.0,0.0,4.333333333333333,5.0,1.0,2023-08-22,2023-06-02,1002,1.111111111111111
3745985007552,3,250.0,250.0,250.0,250.0,0.0,-12.333333333333334,8.0,0.6666666666666666,2024-03-14,2023-11-17,797,0.7627118644067797
3753335285617,3,250.0,750.0,416.6666666666667,250.0,288.67513459481285,8.833333333333334,22.5,1.0,2023-09-18,2023-07-31,975,1.836734693877551
3753878728255,3,250.0,750.0,416.6666666666667,250.0,288.6751345948129,-33.0,1.0,0.3333333333333333,2023-09-29,2023-08-23,964,2.4324324324324325
3754621621672,3,250.0,250.0,250.0,250.0,0.0,-50.0,-50.0,0.0,2023-09-19,2023-08-03,974,1.9148936170212767
3755108266284,3,250.0,250.0,250.0,250.0,0.0,-32.333333333333336,3.0,0.3333333333333333,2023-09-22,2023-09-04,971,5.0
3775864454646,3,250.0,750.0,416.6666666666667,250.0,288.67513459481285,1.6666666666666667,3.0,1.0,2023-10-17,2023-09-26,946,4.285714285714286
3791914295534,3,250.0,250.0,250.0,250.0,0.0,1.6666666666666667,3.0,1.0,2023-08-11,2023-07-17,1013,3.5999999999999996
3801757903951,3,250.0,250.0,250.0,250.0,0.0,-16.0,1.0,0.6666666666666666,2023-09-11,2023-08-23,982,4.736842105263158
3802614176273,3,250.0,250.0,250.0,250.0,0.0,-14.666666666666666,5.0,0.6666666666666666,2023-09-26,2023-08-28,967,3.103448275862069
3823898192735,3,250.0,250.0,250.0,250.0,0.0,-14.0,5.0,0.6666666666666666,2023-08-17,2023-07-21,1007,3.333333333333333
3833610326118,3,250.0,250.0,250.0,250.0,0.0,-16.0,1.0,0.6666666666666666,2023-10-31,2023-09-27,932,2.6470588235294117
3845798521698,3,250.0,250.0,250.0,250.0,0.0,1.6666666666666667,3.0,1.0,2023-07-17,2023-05-07,1038,1.267605633802817
3854899383358,3,250.0,1500.0,666.6666666666666,250.0,721.6878364870322,1.6666666666666667,3.0,1.0,2023-04-27,2023-03-30,1119,3.2142857142857144
3859702112740,3,250.0,250.0,250.0,250.0,0.0,1.6666666666666667,3.0,1.0,2023-04-25,2023-03-23,1121,2.727272727272727
3882070496100,3,250.0,750.0,416.6666666666667,250.0,288.67513459481285,-33.0,1.0,0.3333333333333333,2023-03-14,2023-02-14,1163,3.2142857142857144
3883010678163,3,250.0,750.0,416.6666666666667,250.0,288.67513459481285,-13.0,8.0,0.6666666666666666,2025-02-03,2023-07-12,471,0.15734265734265734
3883357889172,3,250.0,250.0,250.0,250.0,0.0,1666643.3333333333,5000030.0,0.3333333333333333,2025-05-05,2023-02-13,380,0.11083743842364532
3884908892550,3,250.0,250.0,250.0,250.0,0.0,-1.3333333333333333,45.0,0.6666666666666666,2024-02-22,2023-08-02,818,0.4411764705882353
3886273909105,3,250.0,250.0,250.0,250.0,0.0,1.6666666666666667,3.0,1.0,2023-12-08,2023-02-16,894,0.30508474576271183
3889437918560,3,250.0,250.0,250.0,250.0,0.0,-50.0,-50.0,0.0,2023-11-21,2023-11-03,911,5.0
3901580045982,3,250.0,250.0,250.0,250.0,0.0,1.0,1.0,1.0,2023-11-22,2023-10-25,910,3.2142857142857144
3901955932453,3,250.0,250.0,250.0,250.0,0.0,1.6666666666666667,3.0,1.0,2024-05-08,2024-05-02,742,15.0
3904237311350,3,250.0,750.0,416.6666666666667,250.0,288.6751345948129,1.6666666666666667,3.0,1.0,2023-05-30,2023-02-01,1086,0.7627118644067797
3924760678087,3,250.0,250.0,250.0,250.0,0.0,-50.0,-50.0,0.0,2024-10-31,2023-06-19,566,0.18
3939901120063,3,250.0,750.0,583.3333333333334,750.0,288.67513459481285,-14.666666666666666,5.0,0.6666666666666666,2024-02-02,2023-05-30,838,0.36290322580645157
3941975199612,2,250.0,250.0,250.0,250.0,0.0,4.5,8.0,1.0,2023-07-24,2023-07-19,1031,12.0
3955130981639,3,750.0,1500.0,1000.0,750.0,433.0127018922193,-14.666666666666666,5.0,0.6666666666666666,2024-06-18,2024-01-24,701,0.6164383561643836
3980457332297,3,250.0,250.0,250.0,250.0,0.0,1.0,1.0,1.0,2024-01-08,2023-11-22,863,1.9148936170212767
3986329901156,3,250.0,250.0,250.0,250.0,0.0,1.6666666666666667,3.0,1.0,2024-04-26,2023-09-26,754,0.4225352112676057
3994138233762,3,250.0,250.0,250.0,250.0,0.0,1.0,1.0,1.0,2023-06-14,2023-05-23,1071,4.090909090909091
3994508883586,2,250.0,250.0,250.0,250.0,0.0,-22.5,5.0,0.5,2024-01-18,2023-12-14,853,1.7142857142857142
4007693356187,3,750.0,1500.0,1250.0,1500.0,433.0127018922193,-16.0,1.0,0.6666666666666666,2023-06-26,2023-03-20,1059,0.9183673469387755
4010682111784,3,250.0,250.0,250.0,250.0,0.0,5.0,5.0,1.0,2023-04-04,2023-03-28,1142,12.857142857142858
4015245389525,3,250.0,250.0,250.0,250.0,0.0,3.3333333333333335,8.0,1.0,2023-08-10,2023-07-13,1014,3.2142857142857144
4032111748365,3,250.0,250.0,250.0,250.0,0.0,2.3333333333333335,3.0,1.0,2023-08-10,2023-07-21,1014,4.5
4039079720946,3,250.0,250.0,250.0,250.0,0.0,1.6666666666666667,3.0,1.0,2023-02-24,2023-02-14,1181,9.0
4044869580539,3,250.0,750.0,416.6666666666667,250.0,288.67513459481285,-14.666666666666666,5.0,0.6666666666666666,2023-08-24,2023-07-20,1000,2.571428571428571
4050449611399,3,250.0,250.0,250.0,250.0,0.0,45.0,45.0,1.0,2023-07-10,2023-05-09,1045,1.4516129032258063
4065180605263,3,250.0,750.0,583.3333333333334,750.0,288.67513459481285,3.0,5.0,1.0,2023-07-19,2023-06-29,1036,4.5
4070888863785,3,250.0,250.0,250.0,250.0,0.0,1.0,1.0,1.0,2023-03-29,2023-03-25,1148,22.5
4075544140053,3,250.0,250.0,250.0,250.0,0.0,-50.0,-50.0,0.0,2024-11-16,2024-11-07,550,10.0
4085715023945,3,250.0,250.0,250.0,250.0,0.0,3.3333333333333335,8.0,1.0,2024-01-31,2023-05-16,840,0.3461538461538462
4087994405687,3,250.0,250.0,250.0,250.0,0.0,1.0,1.0,1.0,2023-10-25,2023-10-04,938,4.285714285714286
4107270150872,3,250.0,250.0,250.0,250.0,0.0,2.3333333333333335,3.0,1.0,2023-06-16,2023-05-25,1069,4.090909090909091
4112076861564,3,250.0,750.0,416.6666666666667,250.0,288.6751345948129,1.0,1.0,1.0,2023-05-29,2023-04-05,1087,1.6666666666666665
4112577319421,3,250.0,250.0,250.0,250.0,0.0,1.0,1.0,1.0,2024-05-08,2023-11-29,742,0.5590062111801243
4113074685047,3,250.0,250.0,250.0,250.0,0.0,3.0,3.0,1.0,2023-04-03,2023-02-16,1143,1.9565217391304346
4116636573897,3,250.0,250.0,250.0,250.0,0.0,1.6666666666666667,3.0,1.0,2023-08-24,2023-07-14,1000,2.1951219512195124
4119072858006,3,250.0,250.0,250.0,250.0,0.0,-33.0,1.0,0.3333333333333333,2023-06-28,2023-06-14,1057,6.428571428571429
4121960432517,3,250.0,250.0,250.0,250.0,0.0,-50.0,-50.0,0.0,2026-01-12,2024-04-08,128,0.13975155279503107
4124082015887,3,250.0,250.0,250.0,250.0,0.0,2.3333333333333335,3.0,1.0,2023-09-20,2023-06-29,973,1.0843373493975903
4133874634331,3,250.0,250.0,250.0,250.0,0.0,2.3333333333333335,5.0,1.0,2024-02-16,2023-10-02,824,0.6569343065693432
4136348833390,3,250.0,250.0,250.0,250.0,0.0,-33.0,1.0,0.3333333333333333,2023-11-16,2023-10-10,916,2.4324324324324325
4138030677203,3,250.0,250.0,250.0,250.0,0.0,-16.0,1.0,0.6666666666666666,2023-07-25,2023-06-19,1030,2.5
4139112714980,3,750.0,1500.0,1250.0,1500.0,433.0127018922193,-16.0,1.0,0.6666666666666666,2023-08-03,2023-01-11,1021,0.4411764705882353
4139629329214,3,250.0,250.0,250.0,250.0,0.0,1.6666666666666667,3.0,1.0,2023-03-14,2023-02-06,1163,2.5
4140855438741,3,250.0,250.0,250.0,250.0,0.0,-33.0,1.0,0.3333333333333333,2023-08-29,2023-07-11,995,1.836734693877551
4155580478569,3,250.0,250.0,250.0,250.0,0.0,-16.0,1.0,0.6666666666666666,2023-10-25,2023-09-27,938,3.2142857142857144
4180914548855,2,250.0,250.0,250.0,250.0,0.0,-24.5,1.0,0.5,2023-10-06,2023-07-21,957,0.7792207792207791
4190203533181,3,250.0,250.0,250.0,250.0,0.0,-33.0,1.0,0.3333333333333333,2023-10-03,2023-08-30,960,2.6470588235294117
4207257226615,3,250.0,250.0,250.0,250.0,0.0,9.5,22.5,1.0,2023-08-04,2023-07-04,1020,2.9032258064516125
4222659351920,3,250.0,750.0,583.3333333333334,750.0,288.67513459481285,2.3333333333333335,3.0,1.0,2023-08-17,2023-05-05,1007,0.8653846153846153
4245611628809,3,250.0,1500.0,833.3333333333334,750.0,629.1528696058958,-33.0,1.0,0.3333333333333333,2024-07-03,2023-07-18,686,0.25641025641025644
4255837147427,3,250.0,750.0,416.6666666666667,250.0,288.67513459481285,-16.0,1.0,0.6666666666666666,2023-05-22,2023-04-24,1094,3.2142857142857144
4258769579662,3,250.0,250.0,250.0,250.0,0.0,1.6666666666666667,3.0,1.0,2023-10-26,2023-08-02,937,1.0588235294117647
4278559155908,3,250.0,250.0,250.0,250.0,0.0,-16.0,1.0,0.6666666666666666,2023-04-27,2023-04-10,1119,5.294117647058823
4281864310481,3,250.0,250.0,250.0,250.0,0.0,-16.0,1.0,0.6666666666666666,2024-01-30,2023-03-15,841,0.28037383177570097
4282054900974,3,250.0,750.0,416.6666666666667,250.0,288.67513459481285,-13.666666666666666,8.0,0.6666666666666666,2023-06-30,2023-06-19,1055,8.181818181818182
4298132273543,3,250.0,1500.0,833.3333333333334,750.0,629.1528696058958,-50.0,-50.0,0.0,2026-02-10,2022-08-22,99,0.07097791798107256
4298438251427,3,250.0,250.0,250.0,250.0,0.0,1.0,1.0,1.0,2023-11-01,2023-10-05,931,3.333333333333333
4303789704250,3,250.0,750.0,416.6666666666667,250.0,288.6751345948129,-16.0,1.0,0.6666666666666666,2023-12-26,2023-12-08,876,5.0
4317380776077,3,250.0,250.0,250.0,250.0,0.0,3.3333333333333335,8.0,1.0,2023-08-23,2023-08-02,1001,4.285714285714286
4317492487504,3,250.0,750.0,583.3333333333334,750.0,288.67513459481285,1.6666666666666667,3.0,1.0,2023-06-26,2023-05-31,1059,3.4615384615384612
4321836755294,3,250.0,250.0,250.0,250.0,0.0,-13.666666666666666,8.0,0.6666666666666666,2023-08-29,2023-07-25,995,2.571428571428571
4327386587278,3,250.0,250.0,250.0,250.0,0.0,1.0,1.0,1.0,2023-07-18,2023-06-20,1037,3.2142857142857144
4345462178038,3,250.0,250.0,250.0,250.0,0.0,3333368.3333333335,5000030.0,1.0,2024-01-17,2023-11-25,854,1.6981132075471699
4356695913206,3,250.0,750.0,416.6666666666667,250.0,288.6751345948129,1.6666666666666667,3.0,1.0,2023-08-08,2023-06-28,1016,2.1951219512195124
4378257669280,3,250.0,1500.0,833.3333333333334,750.0,629.1528696058958,2.3333333333333335,5.0,1.0,2023-03-28,2023-02-14,1149,2.142857142857143
4380804824278,3,250.0,750.0,416.6666666666667,250.0,288.6751345948129,-33.0,1.0,0.3333333333333333,2025-03-19,2023-08-08,427,0.15280135823429541
4381733104105,3,250.0,250.0,250.0,250.0,0.0,2.3333333333333335,5.0,1.0,2024-05-20,2023-07-11,730,0.28662420382165604
4400548519715,3,250.0,750.0,583.3333333333334,750.0,288.67513459481285,1.6666666666666667,3.0,1.0,2023-12-05,2023-10-03,897,1.4285714285714286
4425979962796,3,250.0,250.0,250.0,250.0,0.0,-50.0,-50.0,0.0,2023-08-22,2023-08-07,1002,6.0
4432717900919,3,250.0,750.0,416.6666666666667,250.0,288.67513459481285,-16.0,1.0,0.6666666666666666,2023-04-05,2023-02-13,1141,1.7647058823529411
4435839102587,3,250.0,750.0,416.6666666666667,250.0,288.67513459481285,-16.0,1.0,0.6666666666666666,2024-04-09,2022-06-09,771,0.13432835820895522
4464088694711,3,250.0,250.0,250.0,250.0,0.0,-12.333333333333334,8.0,0.6666666666666666,2023-10-17,2023-09-27,946,4.5
4479319016614,3,250.0,750.0,583.3333333333334,750.0,288.67513459481285,-13.666666666666666,8.0,0.6666666666666666,2024-01-22,2023-11-21,849,1.4516129032258063
4488133628930,2,250.0,250.0,250.0,250.0,0.0,-50.0,-50.0,0.0,2023-04-17,2023-04-17,1129,2.0
4489540354464,3,250.0,750.0,416.6666666666667,250.0,288.67513459481285,2.3333333333333335,3.0,1.0,2022-11-11,2022-10-14,1286,3.2142857142857144
4491669849530,3,250.0,250.0,250.0,250.0,0.0,-15.333333333333334,3.0,0.6666666666666666,2023-08-22,2023-08-15,1002,12.857142857142858
4496278645174,3,250.0,250.0,250.0,250.0,0.0,-16.0,1.0,0.6666666666666666,2023-12-07,2023-11-20,895,5.294117647058823
4497703582300,3,250.0,1500.0,1083.3333333333333,1500.0,721.6878364870322,1.0,1.0,1.0,2023-12-04,2023-10-17,898,1.875
4502441770570,3,250.0,250.0,250.0,250.0,0.0,1.0,1.0,1.0,2023-09-04,2023-07-18,989,1.875
4510700062886,3,250.0,250.0,250.0,250.0,0.0,2.3333333333333335,3.0,1.0,2023-10-03,2023-09-21,960,7.5
4527520852383,3,250.0,750.0,583.3333333333334,750.0,288.67513459481285,1.6666666666666667,3.0,1.0,2023-03-30,2023-03-21,1147,10.0
4531994701235,3,250.0,250.0,250.0,250.0,0.0,7.0,8.0,1.0,2023-10-30,2023-09-11,933,1.836734693877551
4547950138913,3,250.0,1500.0,1083.3333333333333,1500.0,721.6878364870322,1.6666666666666667,3.0,1.0,2023-10-23,2023-08-31,940,1.6981132075471699
4550704543385,3,750.0,750.0,750.0,750.0,0.0,-14.0,5.0,0.6666666666666666,2023-11-24,2023-11-06,908,5.0
4558439652344,3,250.0,750.0,416.6666666666667,250.0,288.6751345948129,-16.0,1.0,0.6666666666666666,2024-04-09,2023-07-14,771,0.3333333333333333
4574240968398,3,250.0,250.0,250.0,250.0,0.0,1.6666666666666667,3.0,1.0,2023-05-30,2023-05-08,1086,4.090909090909091
4576548137449,3,250.0,250.0,250.0,250.0,0.0,-33.0,1.0,0.3333333333333333,2023-02-27,2023-02-03,1178,3.75
4582310197599,1,250.0,250.0,250.0,250.0,,1.0,1.0,1.0,2023-06-17,2023-06-17,1068,1.0
4584854108142,3,250.0,750.0,583.3333333333334,750.0,288.67513459481285,1666682.0,5000030.0,1.0,2023-02-28,2023-02-10,1177,5.0
4625961542302,3,250.0,750.0,583.3333333333334,750.0,288.67513459481285,1.6666666666666667,3.0,1.0,2023-09-11,2023-09-04,982,12.857142857142858
4627689844675,3,250.0,250.0,250.0,250.0,0.0,1.6666666666666667,3.0,1.0,2023-11-09,2023-10-17,923,3.913043478260869
4635570466596,3,250.0,250.0,250.0,250.0,0.0,-50.0,-50.0,0.0,2023-10-26,2023-10-03,937,3.913043478260869
4642606639857,3,250.0,250.0,250.0,250.0,0.0,-15.333333333333334,3.0,0.6666666666666666,2023-11-09,2023-09-30,923,2.25
4643673021637,3,250.0,250.0,250.0,250.0,0.0,1.0,1.0,1.0,2024-03-25,2024-02-29,786,3.5999999999999996
4652127379468,3,250.0,1500.0,833.3333333333334,750.0,629.1528696058958,-50.0,-50.0,0.0,2025-02-02,2024-08-05,472,0.4972375690607735
4658933724223,3,250.0,250.0,250.0,250.0,0.0,1.6666666666666667,3.0,1.0,2023-06-29,2023-05-29,1056,2.9032258064516125
4665435925514,3,250.0,750.0,416.6666666666667,250.0,288.67513459481285,1.0,1.0,1.0,2023-10-26,2023-09-20,937,2.5
4668205881977,3,250.0,750.0,416.6666666666667,250.0,288.67513459481285,3.0,5.0,1.0,2023-12-08,2023-11-24,894,6.428571428571429
4681394383909,3,250.0,250.0,250.0,250.0,0.0,-50.0,-50.0,0.0,2022-07-18,2022-07-04,1402,6.428571428571429
4685850437038,3,250.0,250.0,250.0,250.0,0.0,-32.333333333333336,3.0,0.3333333333333333,2024-07-23,2022-08-12,666,0.12658227848101267
4691490285948,3,250.0,750.0,416.6666666666667,250.0,288.6751345948129,1.6666666666666667,3.0,1.0,2023-11-24,2023-10-26,908,3.103448275862069
4694453544397,3,250.0,1500.0,666.6666666666666,250.0,721.6878364870322,-16.0,1.0,0.6666666666666666,2023-08-31,2023-08-15,993,5.625
4718608510411,2,250.0,250.0,250.0,250.0,0.0,26.5,45.0,1.0,2023-12-05,2023-11-28,897,8.571428571428571
4721997849292,3,250.0,250.0,250.0,250.0,0.0,1.6666666666666667,3.0,1.0,2023-08-17,2023-06-15,1007,1.4285714285714286
4727099961317,3,250.0,750.0,583.3333333333334,750.0,288.6751345948129,1.6666666666666667,3.0,1.0,2023-07-28,2023-07-18,1027,9.0
4737048292298,3,250.0,250.0,250.0,250.0,0.0,1.0,1.0,1.0,2024-09-13,2024-07-31,614,2.0454545454545454
4738733770114,3,250.0,250.0,250.0,250.0,0.0,-50.0,-50.0,0.0,2023-09-21,2023-09-08,972,6.9230769230769225
4748375418938,3,250.0,250.0,250.0,250.0,0.0,1.0,1.0,1.0,2023-07-31,2023-07-13,1024,5.0
4749080428197,3,250.0,250.0,250.0,250.0,0.0,5.666666666666667,8.0,1.0,2022-09-15,2022-08-31,1343,6.0
4761802798060,3,250.0,250.0,250.0,250.0,0.0,-33.0,1.0,0.3333333333333333,2024-08-06,2023-10-11,652,0.3
4781488276256,3,250.0,250.0,250.0,250.0,0.0,-32.333333333333336,3.0,0.3333333333333333,2023-08-14,2023-06-22,1010,1.6981132075471699
4789692918764,3,250.0,250.0,250.0,250.0,0.0,-33.0,1.0,0.3333333333333333,2024-03-04,2023-11-20,807,0.8571428571428571
4790949490671,3,250.0,250.0,250.0,250.0,0.0,-16.0,1.0,0.6666666666666666,2023-03-14,2023-02-06,1163,2.5
4803291368282,3,250.0,1500.0,666.6666666666666,250.0,721.6878364870322,1.6666666666666667,3.0,1.0,2023-01-03,2022-09-19,1233,0.8490566037735849
4812827741931,3,750.0,1500.0,1250.0,1500.0,433.0127018922193,1.0,1.0,1.0,2022-09-26,2022-09-12,1332,6.428571428571429
4828985968411,3,250.0,250.0,250.0,250.0,0.0,1.0,1.0,1.0,2023-10-19,2023-09-19,944,3.0
4830368927224,3,750.0,1500.0,1250.0,1500.0,433.0127018922193,-31.666666666666668,5.0,0.3333333333333333,2026-04-01,2023-04-05,49,0.08241758241758242
4832760364570,3,250.0,250.0,250.0,250.0,0.0,1.0,1.0,1.0,2024-01-13,2023-11-09,858,1.3846153846153848
4834845677582,3,250.0,250.0,250.0,250.0,0.0,4.333333333333333,5.0,1.0,2023-04-12,2023-03-24,1134,4.736842105263158
4836926295350,3,250.0,250.0,250.0,250.0,0.0,-14.0,5.0,0.6666666666666666,2023-11-30,2023-11-10,902,4.5
4840157061619,3,250.0,250.0,250.0,250.0,0.0,-33.0,1.0,0.3333333333333333,2024-01-06,2023-12-04,865,2.727272727272727
4855808838712,3,250.0,250.0,250.0,250.0,0.0,3.3333333333333335,8.0,1.0,2025-04-17,2022-10-18,398,0.09868421052631579
4857590164753,3,250.0,250.0,250.0,250.0,0.0,14.333333333333334,22.5,1.0,2024-09-05,2024-09-02,622,30.0
4861620233266,3,250.0,250.0,250.0,250.0,0.0,-16.0,1.0,0.6666666666666666,2023-06-20,2023-05-25,1065,3.4615384615384612
4869350939659,3,250.0,1500.0,833.3333333333334,750.0,629.1528696058958,-50.0,-50.0,0.0,2023-03-01,2023-02-02,1176,3.333333333333333
4888198084161,3,250.0,250.0,250.0,250.0,0.0,2.3333333333333335,3.0,1.0,2023-04-28,2023-02-14,1118,1.2328767123287672
4907399570445,3,250.0,1500.0,666.6666666666666,250.0,721.6878364870322,3.3333333333333335,8.0,1.0,2024-09-16,2023-08-30,611,0.23498694516971277
4914631763141,3,250.0,1500.0,666.6666666666666,250.0,721.6878364870322,4.0,8.0,1.0,2023-12-20,2023-02-02,882,0.28037383177570097
4921735502498,3,250.0,250.0,250.0,250.0,0.0,10.166666666666666,22.5,1.0,2023-10-18,2023-09-25,945,3.913043478260869
4957466311820,3,250.0,1500.0,833.3333333333334,750.0,629.1528696058958,-16.0,1.0,0.6666666666666666,2023-03-29,2022-12-29,1148,1.0
4964929636792,3,250.0,250.0,250.0,250.0,0.0,6.166666666666667,12.5,1.0,2023-07-21,2023-06-13,1034,2.368421052631579
4969176758157,3,250.0,250.0,250.0,250.0,0.0,1.0,1.0,1.0,2023-09-12,2023-08-22,981,4.285714285714286
4970585393991,3,250.0,250.0,250.0,250.0,0.0,-16.0,1.0,0.6666666666666666,2023-07-27,2023-07-12,1028,6.0
4985991008972,3,1500.0,1500.0,1500.0,1500.0,0.0,1.6666666666666667,3.0,1.0,2022-11-21,2022-07-15,1276,0.6976744186046512
4993928012591,3,250.0,250.0,250.0,250.0,0.0,1.6666666666666667,3.0,1.0,2023-05-20,2023-05-11,1096,10.0
5007561245141,3,250.0,250.0,250.0,250.0,0.0,-15.333333333333334,3.0,0.6666666666666666,2023-09-22,2023-09-04,971,5.0
5013463999156,3,250.0,5001000.0,1667583.3333333333,1500.0,2886823.58238832,1.0,1.0,1.0,2023-01-05,2022-11-03,1231,1.4285714285714286
5019754680331,3,250.0,250.0,250.0,250.0,0.0,3.6666666666666665,5.0,1.0,2023-08-30,2023-07-18,994,2.0930232558139537
5037902202153,3,250.0,250.0,250.0,250.0,0.0,-50.0,-50.0,0.0,2023-06-19,2023-05-29,1066,4.285714285714286
5039791097990,3,250.0,250.0,250.0,250.0,0.0,1.0,1.0,1.0,2023-08-08,2023-07-17,1016,4.090909090909091
5050800132048,3,250.0,250.0,250.0,250.0,0.0,1.6666666666666667,3.0,1.0,2023-11-03,2023-07-17,929,0.8256880733944955
5054841282296,3,750.0,1500.0,1000.0,750.0,433.0127018922193,-14.0,5.0,0.6666666666666666,2023-12-20,2023-10-25,882,1.6071428571428572
5055255841915,3,250.0,250.0,250.0,250.0,0.0,1.0,1.0,1.0,2022-09-26,2022-08-26,1332,2.9032258064516125
5064675551549,3,250.0,250.0,250.0,250.0,0.0,8.0,8.0,1.0,2025-03-07,2023-04-10,439,0.1291248206599713
5065695399698,3,250.0,750.0,416.6666666666667,250.0,288.6751345948129,3.0,5.0,1.0,2023-08-22,2023-07-20,1002,2.727272727272727
5066469206877,3,250.0,750.0,416.6666666666667,250.0,288.6751345948129,7.833333333333333,12.5,1.0,2023-11-22,2023-10-13,910,2.25
5076090622712,3,250.0,750.0,583.3333333333334,750.0,288.6751345948129,2.3333333333333335,3.0,1.0,2023-07-04,2023-06-23,1051,8.181818181818182
5089704282466,3,750.0,750.0,750.0,750.0,0.0,-33.0,1.0,0.3333333333333333,2022-07-19,2022-06-01,1401,1.875
5118619838386,3,250.0,250.0,250.0,250.0,0.0,1.0,1.0,1.0,2023-06-19,2023-03-23,1066,1.0227272727272727
5123473282526,3,250.0,250.0,250.0,250.0,0.0,1.0,1.0,1.0,2023-01-30,2022-12-14,1206,1.9148936170212767
5126239725398,3,250.0,750.0,416.6666666666667,250.0,288.67513459481285,4.0,8.0,1.0,2023-12-01,2023-11-07,901,3.75
5128841036832,3,250.0,250.0,250.0,250.0,0.0,8.666666666666666,12.5,1.0,2023-07-27,2023-06-21,1028,2.5
5138511714413,3,750.0,1500.0,1000.0,750.0,433.0127018922193,-50.0,-50.0,0.0,2022-06-30,2022-06-13,1420,5.294117647058823
5144641923965,3,250.0,250.0,250.0,250.0,0.0,-33.0,1.0,0.3333333333333333,2024-05-08,2023-03-06,742,0.2097902097902098
5172286957868,3,250.0,250.0,250.0,250.0,0.0,-14.666666666666666,3.0,0.6666666666666666,2023-05-15,2023-05-04,1101,8.181818181818182
5191630967339,3,250.0,250.0,250.0,250.0,0.0,-50.0,-50.0,0.0,2023-12-01,2023-11-17,901,6.428571428571429
5198339286415,3,250.0,250.0,250.0,250.0,0.0,-50.0,-50.0,0.0,2023-11-21,2023-09-29,911,1.6981132075471699
5200867413226,3,250.0,250.0,250.0,250.0,0.0,1.0,1.0,1.0,2023-08-21,2023-06-26,1003,1.6071428571428572
5211686803456,3,250.0,250.0,250.0,250.0,0.0,-15.333333333333334,3.0,0.6666666666666666,2023-08-08,2023-07-13,1016,3.4615384615384612
5218244109220,3,250.0,250.0,250.0,250.0,0.0,-32.333333333333336,3.0,0.3333333333333333,2023-10-27,2023-10-06,936,4.285714285714286
5226168437106,3,250.0,250.0,250.0,250.0,0.0,-16.0,1.0,0.6666666666666666,2024-10-18,2023-06-19,579,0.18480492813141683
5230456429100,3,250.0,250.0,250.0,250.0,0.0,-13.666666666666666,8.0,0.6666666666666666,2023-10-04,2023-09-18,959,5.625
5232653661405,3,250.0,1500.0,1083.3333333333333,1500.0,721.6878364870322,-16.0,1.0,0.6666666666666666,2023-09-05,2023-08-23,988,6.9230769230769225
5235950917215,3,250.0,250.0,250.0,250.0,0.0,-31.666666666666668,5.0,0.3333333333333333,2023-06-28,2023-06-12,1057,5.625
5240386023384,3,750.0,750.0,750.0,750.0,0.0,8.666666666666666,12.5,1.0,2023-07-26,2023-06-23,1029,2.727272727272727
5240789598191,3,250.0,250.0,250.0,250.0,0.0,4.666666666666667,8.0,1.0,2023-08-16,2023-06-28,1008,1.836734693877551
5242734328173,3,250.0,250.0,250.0,250.0,0.0,-32.333333333333336,3.0,0.3333333333333333,2024-03-06,2024-02-27,805,11.25
5245204447168,3,250.0,250.0,250.0,250.0,0.0,2.3333333333333335,3.0,1.0,2023-08-07,2023-07-06,1017,2.8125
5246499513205,3,250.0,750.0,416.6666666666667,250.0,288.67513459481285,7.5,12.5,1.0,2023-05-17,2023-03-15,1099,1.4285714285714286
5303627348747,3,250.0,750.0,416.6666666666667,250.0,288.67513459481285,-16.0,1.0,0.6666666666666666,2023-09-19,2023-08-08,974,2.142857142857143
5309968176630,3,250.0,750.0,583.3333333333334,750.0,288.6751345948129,3.3333333333333335,8.0,1.0,2023-12-18,2023-04-18,884,0.36885245901639346
5314102165304,3,750.0,1500.0,1000.0,750.0,433.0127018922193,-15.333333333333334,3.0,0.6666666666666666,2022-09-06,2022-08-31,1352,15.0
5330638922630,3,250.0,250.0,250.0,250.0,0.0,-16.0,1.0,0.6666666666666666,2023-09-18,2023-07-26,975,1.6666666666666665
5332275473432,2,250.0,250.0,250.0,250.0,0.0,-24.5,1.0,0.5,2024-06-11,2024-06-03,708,7.5
5337893546497,3,250.0,1500.0,666.6666666666666,250.0,721.6878364870322,-16.0,1.0,0.6666666666666666,2023-05-22,2022-05-18,1094,0.24390243902439024
5341371501296,3,250.0,250.0,250.0,250.0,0.0,1.0,1.0,1.0,2023-07-19,2023-06-30,1036,4.736842105263158
5349547142961,3,250.0,1500.0,666.6666666666666,250.0,721.6878364870322,-50.0,-50.0,0.0,2022-05-31,2022-05-20,1450,8.181818181818182
5372622008031,3,250.0,250.0,250.0,250.0,0.0,4.0,8.0,1.0,2023-06-28,2023-06-12,1057,5.625
5374372805167,3,250.0,250.0,250.0,250.0,0.0,-33.0,1.0,0.3333333333333333,2023-05-12,2023-02-27,1104,1.2162162162162162
5379266929885,3,250.0,750.0,416.6666666666667,250.0,288.6751345948129,1.0,1.0,1.0,2024-05-18,2023-07-03,732,0.28125
5414123274880,3,250.0,750.0,416.6666666666667,250.0,288.67513459481285,11.833333333333334,22.5,1.0,2023-04-11,2023-02-13,1135,1.5789473684210527
5417756810535,3,250.0,250.0,250.0,250.0,0.0,3.0,5.0,1.0,2024-01-08,2023-12-06,863,2.727272727272727
5424203258470,3,1500.0,1500.0,1500.0,1500.0,0.0,-50.0,-50.0,0.0,2024-11-29,2024-07-12,537,0.6428571428571428
5447963382413,3,250.0,250.0,250.0,250.0,0.0,2.3333333333333335,3.0,1.0,2023-10-16,2023-10-06,947,9.0
5459207501113,3,750.0,1500.0,1000.0,750.0,433.0127018922193,1.0,1.0,1.0,2023-05-30,2023-05-10,1086,4.5
5475636174766,3,250.0,750.0,583.3333333333334,750.0,288.67513459481285,1.0,1.0,1.0,2023-04-15,2023-04-11,1131,22.5
5476363119797,3,250.0,250.0,250.0,250.0,0.0,-16.0,1.0,0.6666666666666666,2023-11-29,2023-11-17,903,7.5
5482190232482,3,250.0,250.0,250.0,250.0,0.0,2.3333333333333335,3.0,1.0,2023-06-13,2023-05-31,1072,6.9230769230769225
5495393864479,3,250.0,250.0,250.0,250.0,0.0,1.0,1.0,1.0,2023-11-16,2023-02-25,916,0.3409090909090909
5503432540522,3,250.0,250.0,250.0,250.0,0.0,2.3333333333333335,3.0,1.0,2023-10-20,2023-09-22,943,3.2142857142857144
5504134429481,3,250.0,250.0,250.0,250.0,0.0,-16.0,1.0,0.6666666666666666,2024-01-09,2023-11-30,862,2.25
5519191945480,3,250.0,250.0,250.0,250.0,0.0,4.333333333333333,5.0,1.0,2023-10-20,2023-10-10,943,9.0
5519250078224,3,250.0,5001000.0,1667583.3333333333,1500.0,2886823.58238832,-16.0,1.0,0.6666666666666666,2025-04-17,2023-01-30,398,0.11138613861386139
5530236036645,3,250.0,250.0,250.0,250.0,0.0,-15.333333333333334,3.0,0.6666666666666666,2023-07-10,2023-06-26,1045,6.428571428571429
5537676437162,3,250.0,250.0,250.0,250.0,0.0,1.0,1.0,1.0,2023-05-15,2023-04-10,1101,2.571428571428571
5544225369931,3,250.0,750.0,583.3333333333334,750.0,288.67513459481285,1.0,1.0,1.0,2023-08-01,2023-06-14,1023,1.875
5545850594490,3,250.0,250.0,250.0,250.0,0.0,2.3333333333333335,5.0,1.0,2024-01-16,2023-11-16,855,1.4754098360655739
5570252678352,3,250.0,750.0,583.3333333333334,750.0,288.6751345948129,1.6666666666666667,3.0,1.0,2023-08-03,2023-06-30,1021,2.6470588235294117
5610052995821,3,250.0,250.0,250.0,250.0,0.0,1.0,1.0,1.0,2023-11-21,2023-09-21,911,1.4754098360655739
5623808718641,3,250.0,250.0,250.0,250.0,0.0,-13.333333333333334,5.0,0.6666666666666666,2023-04-25,2023-03-29,1121,3.333333333333333
5653183628261,3,250.0,5001000.0,1667333.3333333333,750.0,2887040.0319069587,-33.0,1.0,0.3333333333333333,2024-01-04,2023-07-11,867,0.5084745762711864
5654760765107,3,250.0,250.0,250.0,250.0,0.0,1.6666666666666667,3.0,1.0,2024-02-28,2023-12-20,812,1.2857142857142856
5656134981561,3,250.0,250.0,250.0,250.0,0.0,-50.0,-50.0,0.0,2023-08-04,2023-07-20,1020,6.0
5679336646612,3,250.0,250.0,250.0,250.0,0.0,1.0,1.0,1.0,2024-04-15,2023-02-27,765,0.2179176755447942
5684611480526,3,250.0,250.0,250.0,250.0,0.0,-33.0,1.0,0.3333333333333333,2023-06-27,2023-05-26,1058,2.8125
5685499328155,3,250.0,250.0,250.0,250.0,0.0,-32.333333333333336,3.0,0.3333333333333333,2024-01-26,2023-01-28,845,0.24793388429752067
5723021772212,3,250.0,250.0,250.0,250.0,0.0,-50.0,-50.0,0.0,2024-08-19,2024-07-11,639,2.3076923076923075
5738156101074,3,250.0,750.0,416.6666666666667,250.0,288.67513459481285,-33.0,1.0,0.3333333333333333,2023-09-12,2023-08-14,981,3.103448275862069
5755963050505,3,250.0,250.0,250.0,250.0,0.0,17.666666666666668,45.0,1.0,2023-04-26,2023-03-30,1120,3.333333333333333
5759378208626,3,250.0,250.0,250.0,250.0,0.0,-50.0,-50.0,0.0,2024-01-03,2023-11-17,868,1.9148936170212767
5760986014043,3,250.0,250.0,250.0,250.0,0.0,-16.0,1.0,0.6666666666666666,2023-03-24,2023-02-15,1153,2.4324324324324325
5764644848164,3,250.0,750.0,416.6666666666667,250.0,288.6751345948129,9.5,22.5,1.0,2024-06-13,2022-08-18,706,0.13533834586466165
5787812172590,3,250.0,250.0,250.0,250.0,0.0,1.0,1.0,1.0,2023-08-10,2023-07-31,1014,9.0
5788796626105,3,250.0,750.0,583.3333333333334,750.0,288.67513459481285,-0.6666666666666666,45.0,0.6666666666666666,2024-01-24,2023-02-13,847,0.2608695652173913
5789509997403,3,250.0,250.0,250.0,250.0,0.0,1.0,1.0,1.0,2023-05-22,2023-04-11,1094,2.1951219512195124
5798851476496,3,250.0,1500.0,1083.3333333333333,1500.0,721.6878364870322,2.3333333333333335,5.0,1.0,2023-03-06,2023-02-22,1171,7.5
5803672263724,3,250.0,250.0,250.0,250.0,0.0,-16.0,1.0,0.6666666666666666,2023-07-27,2023-07-06,1028,4.285714285714286
5813568206043,3,250.0,250.0,250.0,250.0,0.0,6.0,8.0,1.0,2023-07-18,2023-07-04,1037,6.428571428571429
5818797752250,3,250.0,750.0,416.6666666666667,250.0,288.67513459481285,-33.0,1.0,0.3333333333333333,2024-05-29,2023-05-26,721,0.24390243902439024
5822465459988,3,250.0,750.0,416.6666666666667,250.0,288.67513459481285,-33.0,1.0,0.3333333333333333,2023-08-15,2023-08-04,1009,8.181818181818182
5827328832845,3,250.0,250.0,250.0,250.0,0.0,1.0,1.0,1.0,2023-08-03,2023-06-26,1021,2.368421052631579
5832135304961,3,250.0,250.0,250.0,250.0,0.0,4.0,8.0,1.0,2023-05-29,2023-04-25,1087,2.6470588235294117
5845641612451,3,250.0,750.0,416.6666666666667,250.0,288.67513459481285,-16.0,1.0,0.6666666666666666,2023-07-30,2023-07-14,1025,5.625
5853842469554,3,250.0,250.0,250.0,250.0,0.0,-32.333333333333336,3.0,0.3333333333333333,2024-01-16,2023-11-20,855,1.5789473684210527
5878305877851,3,250.0,750.0,416.6666666666667,250.0,288.67513459481285,0.0,45.0,0.6666666666666666,2024-04-26,2023-09-25,754,0.4205607476635514
5903440349179,3,750.0,750.0,750.0,750.0,0.0,-50.0,-50.0,0.0,2023-08-09,2023-07-06,1015,2.6470588235294117
5913111991193,3,250.0,250.0,250.0,250.0,0.0,2.3333333333333335,3.0,1.0,2023-12-15,2023-11-24,887,4.285714285714286
5923999564789,3,250.0,750.0,416.6666666666667,250.0,288.67513459481285,1.6666666666666667,3.0,1.0,2023-11-13,2023-09-27,919,1.9148936170212767
5943816199353,3,250.0,750.0,416.6666666666667,250.0,288.6751345948129,8.833333333333334,22.5,1.0,2024-01-29,2023-12-13,842,1.9148936170212767
5945088477257,3,250.0,750.0,416.6666666666667,250.0,288.67513459481285,3333368.3333333335,5000030.0,1.0,2024-07-02,2023-10-27,687,0.36144578313253006
5945713923684,3,250.0,1500.0,833.3333333333334,750.0,629.1528696058958,1.6666666666666667,3.0,1.0,2023-04-04,2023-03-31,1142,22.5
5960519983249,3,250.0,750.0,416.6666666666667,250.0,288.6751345948129,1.0,1.0,1.0,2024-07-02,2022-12-14,687,0.15901060070671377
5960775403447,3,250.0,750.0,583.3333333333334,750.0,288.67513459481285,-33.0,1.0,0.3333333333333333,2023-11-09,2023-06-14,923,0.6081081081081081
5961717482902,3,250.0,750.0,416.6666666666667,250.0,288.67513459481285,-8.833333333333334,22.5,0.6666666666666666,2025-10-23,2024-05-08,209,0.16885553470919326
5972053275386,3,250.0,5001000.0,1667583.3333333333,1500.0,2886823.58238832,-33.0,1.0,0.3333333333333333,2023-05-15,2023-04-26,1101,4.736842105263158
5977108128305,3,250.0,250.0,250.0,250.0,0.0,1.0,1.0,1.0,2023-05-03,2023-04-17,1113,5.625
5994079667695,3,250.0,750.0,416.6666666666667,250.0,288.67513459481285,-24.5,1.0,0.3333333333333333,2024-07-03,2022-08-03,686,0.1285714285714286
6001253553178,3,250.0,750.0,583.3333333333334,750.0,288.67513459481285,1.0,1.0,1.0,2023-10-09,2023-09-01,954,2.368421052631579
6012495854565,3,750.0,1500.0,1250.0,1500.0,433.0127018922193,-15.333333333333334,3.0,0.6666666666666666,2023-12-19,2023-11-28,883,4.285714285714286
6014393914912,3,250.0,250.0,250.0,250.0,0.0,-13.666666666666666,8.0,0.6666666666666666,2024-05-28,2023-06-28,722,0.26865671641791045
6049734236373,3,250.0,250.0,250.0,250.0,0.0,-50.0,-50.0,0.0,2023-08-16,2023-06-29,1008,1.875
6053904263787,3,250.0,250.0,250.0,250.0,0.0,4.833333333333333,12.5,1.0,2024-07-01,2023-03-02,688,0.18480492813141683
6064249822520,3,250.0,250.0,250.0,250.0,0.0,1.0,1.0,1.0,2023-08-02,2023-06-28,1022,2.571428571428571
6085986756771,3,250.0,250.0,250.0,250.0,0.0,1.6666666666666667,3.0,1.0,2023-07-16,2023-06-21,1039,3.5999999999999996
6088136232069,3,250.0,250.0,250.0,250.0,0.0,-50.0,-50.0,0.0,2024-01-17,2023-10-30,854,1.139240506329114
6090311660566,3,250.0,250.0,250.0,250.0,0.0,-33.0,1.0,0.3333333333333333,2024-05-20,2023-11-23,730,0.5027932960893855
6094566036062,3,250.0,750.0,416.6666666666667,250.0,288.6751345948129,-50.0,-50.0,0.0,2023-06-29,2023-05-15,1056,2.0
6124723780908,3,750.0,1500.0,1000.0,750.0,433.0127018922193,2.3333333333333335,5.0,1.0,2024-03-04,2023-05-26,807,0.31802120141342755
6147599350006,3,250.0,250.0,250.0,250.0,0.0,-50.0,-50.0,0.0,2023-12-07,2023-08-16,895,0.7964601769911505
6148120070810,3,250.0,250.0,250.0,250.0,0.0,13.333333333333334,22.5,1.0,2024-01-23,2023-11-14,848,1.2857142857142856
6176415642338,3,250.0,250.0,250.0,250.0,0.0,-32.333333333333336,3.0,0.3333333333333333,2023-12-04,2023-11-16,898,5.0
6188705056297,3,250.0,250.0,250.0,250.0,0.0,-14.666666666666666,5.0,0.6666666666666666,2023-03-28,2023-02-02,1149,1.6666666666666665
6199596295808,3,750.0,5001000.0,1667750.0,1500.0,2886679.201522053,-32.333333333333336,3.0,0.3333333333333333,2023-03-06,2023-02-27,1171,12.857142857142858
6205498391443,3,250.0,250.0,250.0,250.0,0.0,-12.333333333333334,8.0,0.6666666666666666,2023-06-22,2023-05-23,1063,3.0
6207993970590,3,250.0,250.0,250.0,250.0,0.0,-30.666666666666668,8.0,0.3333333333333333,2024-09-18,2024-08-13,609,2.5
6213298869296,3,250.0,250.0,250.0,250.0,0.0,-16.0,1.0,0.6666666666666666,2023-06-20,2023-06-07,1065,6.9230769230769225
6215076948944,3,250.0,250.0,250.0,250.0,0.0,-33.0,1.0,0.3333333333333333,2023-05-26,2023-02-09,1090,0.8490566037735849
6215826783685,3,250.0,750.0,583.3333333333334,750.0,288.6751345948129,2.3333333333333335,3.0,1.0,2024-01-12,2023-08-22,859,0.6293706293706294
6220562259240,3,250.0,250.0,250.0,250.0,0.0,3.0,3.0,1.0,2024-02-16,2023-08-04,824,0.45918367346938777
6226777237291,3,250.0,250.0,250.0,250.0,0.0,-15.333333333333334,3.0,0.6666666666666666,2024-09-20,2023-09-21,607,0.24657534246575344
6251731579556,3,250.0,750.0,416.6666666666667,250.0,288.67513459481285,5.333333333333333,8.0,1.0,2023-12-11,2023-11-16,891,3.5999999999999996
6256100831970,3,250.0,250.0,250.0,250.0,0.0,-14.0,5.0,0.6666666666666666,2023-07-10,2023-06-22,1045,5.0
6263131235332,3,250.0,750.0,416.6666666666667,250.0,288.67513459481285,1.0,1.0,1.0,2023-11-15,2023-10-18,917,3.2142857142857144
6281246453665,3,250.0,250.0,250.0,250.0,0.0,6.166666666666667,12.5,1.0,2023-10-20,2023-09-08,943,2.142857142857143
6290506381008,3,250.0,250.0,250.0,250.0,0.0,-16.0,1.0,0.6666666666666666,2023-06-21,2023-05-22,1064,3.0
6294872964065,3,250.0,250.0,250.0,250.0,0.0,1.0,1.0,1.0,2023-10-18,2023-08-29,945,1.7999999999999998
6307005699715,3,250.0,250.0,250.0,250.0,0.0,2.3333333333333335,5.0,1.0,2023-02-23,2023-02-02,1182,4.285714285714286
6310620350688,3,250.0,250.0,250.0,250.0,0.0,-50.0,-50.0,0.0,2024-05-07,2023-07-27,743,0.3157894736842105
6311779437821,3,250.0,250.0,250.0,250.0,0.0,-33.0,1.0,0.3333333333333333,2023-03-31,2023-02-02,1146,1.5789473684210527
6317536555479,3,250.0,250.0,250.0,250.0,0.0,-12.333333333333334,8.0,0.6666666666666666,2024-04-15,2024-03-20,765,3.4615384615384612
6331331059974,3,250.0,250.0,250.0,250.0,0.0,-50.0,-50.0,0.0,2023-05-04,2023-02-23,1112,1.2857142857142856
6344637233729,3,250.0,250.0,250.0,250.0,0.0,1.6666666666666667,3.0,1.0,2023-11-24,2023-09-25,908,1.5
6353766634440,3,250.0,250.0,250.0,250.0,0.0,1.0,1.0,1.0,2023-05-18,2023-04-03,1098,2.0
6355994087318,3,250.0,1500.0,666.6666666666666,250.0,721.6878364870322,20.166666666666668,45.0,1.0,2024-06-18,2024-05-14,701,2.571428571428571
6367090191746,2,1500.0,1500.0,1500.0,1500.0,0.0,1.0,1.0,1.0,2023-05-03,2023-04-24,1113,6.666666666666667
6371447626679,3,250.0,5001000.0,3334083.3333333335,5001000.0,2887184.358650021,1.6666666666666667,3.0,1.0,2023-01-28,2022-11-25,1208,1.40625
6394416027990,3,750.0,750.0,750.0,750.0,0.0,1.6666666666666667,3.0,1.0,2023-12-15,2023-07-11,887,0.5732484076433121
6467368369795,3,250.0,250.0,250.0,250.0,0.0,-15.333333333333334,3.0,0.6666666666666666,2023-04-20,2023-03-08,1126,2.0930232558139537
6471982346458,3,250.0,250.0,250.0,250.0,0.0,1.0,1.0,1.0,2024-03-14,2024-02-20,797,3.913043478260869
6473731005661,3,250.0,250.0,250.0,250.0,0.0,-15.333333333333334,3.0,0.6666666666666666,2024-01-03,2023-11-30,868,2.6470588235294117
6481498485169,3,250.0,250.0,250.0,250.0,0.0,6.0,8.0,1.0,2023-10-06,2023-09-08,957,3.2142857142857144
6485722640253,3,250.0,250.0,250.0,250.0,0.0,7.0,8.0,1.0,2023-07-26,2023-05-03,1029,1.0714285714285714
6488389293138,3,250.0,1500.0,833.3333333333334,750.0,629.1528696058958,1.6666666666666667,3.0,1.0,2023-12-08,2023-01-30,894,0.28846153846153844
6492408429090,3,250.0,250.0,250.0,250.0,0.0,-25.833333333333332,22.5,0.3333333333333333,2024-08-05,2024-05-27,653,1.2857142857142856
6513019193550,3,250.0,750.0,416.6666666666667,250.0,288.6751345948129,-16.0,1.0,0.6666666666666666,2024-04-04,2023-03-17,776,0.234375
6520566251629,3,250.0,250.0,250.0,250.0,0.0,2.3333333333333335,3.0,1.0,2023-10-13,2023-03-03,950,0.4017857142857143
6521547344303,3,250.0,250.0,250.0,250.0,0.0,-16.0,1.0,0.6666666666666666,2024-04-01,2022-11-21,779,0.18108651911468812
6545483830967,3,250.0,250.0,250.0,250.0,0.0,-16.0,1.0,0.6666666666666666,2023-11-27,2023-07-17,905,0.6766917293233082
6558514869436,3,250.0,250.0,250.0,250.0,0.0,-13.333333333333334,5.0,0.6666666666666666,2023-04-12,2023-04-05,1134,12.857142857142858
6563398102890,3,250.0,750.0,416.6666666666667,250.0,288.67513459481285,-33.0,1.0,0.3333333333333333,2023-07-14,2023-03-13,1041,0.7317073170731708
6583318495591,3,250.0,250.0,250.0,250.0,0.0,-33.0,1.0,0.3333333333333333,2023-12-12,2023-11-21,890,4.285714285714286
6583472398116,3,250.0,250.0,250.0,250.0,0.0,-50.0,-50.0,0.0,2023-08-17,2023-07-17,1007,2.9032258064516125
6583840482004,3,250.0,250.0,250.0,250.0,0.0,4.666666666666667,8.0,1.0,2023-04-30,2023-04-12,1116,5.0
6588157752028,3,250.0,250.0,250.0,250.0,0.0,1.0,1.0,1.0,2024-01-25,2023-12-02,846,1.6666666666666665
6619624072871,3,250.0,250.0,250.0,250.0,0.0,-33.0,1.0,0.3333333333333333,2025-08-04,2024-07-10,289,0.23076923076923078
6625110816775,3,250.0,250.0,250.0,250.0,0.0,-32.333333333333336,3.0,0.3333333333333333,2023-06-27,2023-05-31,1058,3.333333333333333
6625405581759,3,250.0,250.0,250.0,250.0,0.0,6.166666666666667,12.5,1.0,2023-06-15,2023-05-11,1070,2.571428571428571
6633995450497,2,250.0,250.0,250.0,250.0,0.0,2.0,3.0,1.0,2023-10-23,2023-09-18,940,1.7142857142857142
6646626247590,3,250.0,750.0,416.6666666666667,250.0,288.67513459481285,1.6666666666666667,3.0,1.0,2023-08-10,2023-07-18,1014,3.913043478260869
6653980778156,3,750.0,1500.0,1250.0,1500.0,433.0127018922193,-32.333333333333336,3.0,0.3333333333333333,2025-04-28,2024-08-05,387,0.3383458646616541
6659203509057,3,250.0,250.0,250.0,250.0,0.0,1.0,1.0,1.0,2023-03-01,2023-02-16,1176,6.9230769230769225
6665123277679,3,250.0,250.0,250.0,250.0,0.0,2.3333333333333335,3.0,1.0,2023-12-08,2023-02-17,894,0.3061224489795918
6671299032525,3,250.0,250.0,250.0,250.0,0.0,-16.0,1.0,0.6666666666666666,2023-11-29,2023-11-06,903,3.913043478260869
6676579405789,3,250.0,250.0,250.0,250.0,0.0,-15.333333333333334,3.0,0.6666666666666666,2025-01-16,2023-08-17,489,0.17374517374517376
6694484372464,3,250.0,750.0,416.6666666666667,250.0,288.67513459481285,2.3333333333333335,3.0,1.0,2023-09-01,2023-08-03,992,3.103448275862069
6700668136998,3,750.0,750.0,750.0,750.0,0.0,3.3333333333333335,8.0,1.0,2023-12-13,2023-10-16,889,1.5517241379310345
6702214381047,3,250.0,750.0,583.3333333333334,750.0,288.6751345948129,-14.666666666666666,5.0,0.6666666666666666,2025-07-10,2023-08-01,314,0.12693935119887165
6709281777067,3,750.0,1500.0,1000.0,750.0,433.0127018922193,-16.0,1.0,0.6666666666666666,2023-09-26,2023-02-13,967,0.4
6714623993798,3,250.0,250.0,250.0,250.0,0.0,1666677.3333333333,5000030.0,1.0,2023-11-24,2023-11-01,908,3.913043478260869
6715271446187,3,250.0,250.0,250.0,250.0,0.0,1.6666666666666667,3.0,1.0,2023-06-12,2023-05-25,1073,5.0
6739254066109,3,250.0,250.0,250.0,250.0,0.0,1.0,1.0,1.0,2023-11-21,2023-09-22,911,1.5
6747595874558,3,250.0,250.0,250.0,250.0,0.0,1.0,1.0,1.0,2023-12-12,2023-10-24,890,1.836734693877551
6748632190214,3,250.0,250.0,250.0,250.0,0.0,12.833333333333334,22.5,1.0,2024-10-22,2024-07-25,575,1.0112359550561798
6763878045372,3,250.0,1500.0,833.3333333333334,750.0,629.1528696058958,-33.0,1.0,0.3333333333333333,2024-05-09,2023-05-18,741,0.25210084033613445
6783822994878,3,750.0,1500.0,1250.0,1500.0,433.0127018922193,1.0,1.0,1.0,2023-08-03,2023-07-12,1021,4.090909090909091
6822270246209,3,250.0,750.0,416.6666666666667,250.0,288.67513459481285,1.0,1.0,1.0,2024-03-06,2022-09-15,805,0.16728624535315986
6823206369587,3,250.0,250.0,250.0,250.0,0.0,3.0,3.0,1.0,2023-06-30,2023-06-16,1055,6.428571428571429
6853913468491,3,250.0,250.0,250.0,250.0,0.0,5.5,12.5,1.0,2023-08-09,2023-07-06,1015,2.6470588235294117
6882266272117,3,250.0,750.0,583.3333333333334,750.0,288.6751345948129,1.0,1.0,1.0,2023-04-25,2023-03-16,1121,2.25
6882352430474,3,250.0,250.0,250.0,250.0,0.0,-15.333333333333334,3.0,0.6666666666666666,2023-07-31,2023-06-15,1024,1.9565217391304346
6908003044527,3,250.0,250.0,250.0,250.0,0.0,-50.0,-50.0,0.0,2023-07-10,2023-06-27,1045,6.9230769230769225
6917682759064,3,250.0,250.0,250.0,250.0,0.0,-15.333333333333334,3.0,0.6666666666666666,2023-08-21,2023-08-15,1003,15.0
6918743871526,3,250.0,250.0,250.0,250.0,0.0,-33.0,1.0,0.3333333333333333,2023-07-08,2023-06-06,1047,2.8125
6930137243353,3,250.0,250.0,250.0,250.0,0.0,-50.0,-50.0,0.0,2023-12-07,2023-11-22,895,6.0
6933858397471,3,250.0,750.0,583.3333333333334,750.0,288.6751345948129,1.0,1.0,1.0,2024-02-16,2023-11-22,824,1.0465116279069768
6956039742451,3,250.0,250.0,250.0,250.0,0.0,-16.0,1.0,0.6666666666666666,2023-09-08,2023-08-07,985,2.8125
6977879560099,3,250.0,250.0,250.0,250.0,0.0,4.666666666666667,8.0,1.0,2024-05-08,2023-03-22,742,0.2179176755447942
6983523126794,3,250.0,250.0,250.0,250.0,0.0,-33.0,1.0,0.3333333333333333,2023-07-31,2023-07-15,1024,5.625
7000565814149,3,250.0,250.0,250.0,250.0,0.0,-33.0,1.0,0.3333333333333333,2024-08-07,2024-06-28,651,2.25
7003989367758,3,250.0,750.0,416.6666666666667,250.0,288.67513459481285,-15.333333333333334,3.0,0.6666666666666666,2023-04-03,2023-02-09,1143,1.6981132075471699
7038143570351,3,250.0,250.0,250.0,250.0,0.0,-16.0,1.0,0.6666666666666666,2023-09-20,2023-08-01,973,1.7999999999999998
7045423565504,3,250.0,250.0,250.0,250.0,0.0,2.3333333333333335,5.0,1.0,2023-08-09,2023-07-20,1015,4.5
7052965805699,3,250.0,250.0,250.0,250.0,0.0,-16.0,1.0,0.6666666666666666,2024-09-11,2024-01-09,616,0.3658536585365854
7078241921456,3,250.0,250.0,250.0,250.0,0.0,-33.0,1.0,0.3333333333333333,2023-10-06,2023-09-21,957,6.0
7116687887567,3,250.0,1500.0,666.6666666666666,250.0,721.6878364870322,1.0,1.0,1.0,2025-01-31,2023-11-22,474,0.20642201834862386
7132084692820,3,250.0,250.0,250.0,250.0,0.0,2.3333333333333335,3.0,1.0,2023-10-11,2023-09-22,952,4.736842105263158
7140767637954,3,250.0,250.0,250.0,250.0,0.0,-13.666666666666666,8.0,0.6666666666666666,2023-03-01,2023-02-10,1176,4.736842105263158
7147469539613,3,250.0,250.0,250.0,250.0,0.0,3.6666666666666665,5.0,1.0,2024-03-12,2023-12-06,799,0.9278350515463918
7161327525516,3,250.0,250.0,250.0,250.0,0.0,1.0,1.0,1.0,2023-08-30,2023-07-20,994,2.1951219512195124
7184282344994,3,250.0,250.0,250.0,250.0,0.0,17.666666666666668,22.5,1.0,2023-05-05,2023-04-10,1111,3.5999999999999996
7186946510650,3,250.0,250.0,250.0,250.0,0.0,1.0,1.0,1.0,2023-04-10,2023-03-01,1136,2.25
7197621264638,3,250.0,250.0,250.0,250.0,0.0,-16.0,1.0,0.6666666666666666,2024-03-11,2023-05-25,800,0.30927835051546393
7210073246646,3,250.0,250.0,250.0,250.0,0.0,-32.333333333333336,3.0,0.3333333333333333,2025-02-12,2022-09-16,462,0.10227272727272728
7225709053481,3,250.0,250.0,250.0,250.0,0.0,-33.0,1.0,0.3333333333333333,2024-09-18,2023-07-27,609,0.21479713603818615
7237764478577,3,250.0,250.0,250.0,250.0,0.0,2.3333333333333335,3.0,1.0,2024-02-23,2022-09-09,817,0.16917293233082706
7245706052933,3,250.0,250.0,250.0,250.0,0.0,1.0,1.0,1.0,2023-08-22,2023-06-27,1002,1.6071428571428572
7256359218687,3,250.0,250.0,250.0,250.0,0.0,-32.333333333333336,3.0,0.3333333333333333,2023-12-01,2023-11-10,901,4.285714285714286
7273478497323,3,250.0,250.0,250.0,250.0,0.0,-14.666666666666666,5.0,0.6666666666666666,2023-10-24,2023-08-14,939,1.267605633802817
7291068513945,3,250.0,250.0,250.0,250.0,0.0,1.6666666666666667,3.0,1.0,2023-10-26,2023-09-26,937,3.0
7291234677107,3,250.0,250.0,250.0,250.0,0.0,1.0,1.0,1.0,2023-07-11,2023-06-14,1044,3.333333333333333
7316331568063,3,750.0,1500.0,1000.0,750.0,433.0127018922193,1.0,1.0,1.0,2023-05-29,2023-04-03,1087,1.6071428571428572
7341708881879,3,250.0,1500.0,833.3333333333334,750.0,629.1528696058958,1.6666666666666667,3.0,1.0,2023-12-27,2023-12-13,875,6.428571428571429
7360217694785,3,250.0,250.0,250.0,250.0,0.0,-50.0,-50.0,0.0,2024-10-16,2024-10-07,581,10.0
7360943459820,3,250.0,250.0,250.0,250.0,0.0,-13.0,8.0,0.6666666666666666,2024-04-02,2023-02-25,778,0.22388059701492538
7361023576326,3,250.0,250.0,250.0,250.0,0.0,-50.0,-50.0,0.0,2023-10-12,2023-09-20,951,4.090909090909091
7379027015219,3,250.0,750.0,416.6666666666667,250.0,288.67513459481285,1.6666666666666667,3.0,1.0,2023-04-11,2023-03-24,1135,5.0
7383280465242,3,250.0,250.0,250.0,250.0,0.0,45.0,45.0,1.0,2024-01-17,2023-06-22,854,0.43062200956937796
7392099020971,3,250.0,250.0,250.0,250.0,0.0,-50.0,-50.0,0.0,2023-12-06,2023-11-07,896,3.103448275862069
7400045815306,3,250.0,750.0,583.3333333333334,750.0,288.67513459481285,-13.666666666666666,8.0,0.6666666666666666,2023-03-10,2023-02-24,1167,6.428571428571429
7406006623880,3,250.0,250.0,250.0,250.0,0.0,-16.0,1.0,0.6666666666666666,2024-01-29,2023-02-27,842,0.26785714285714285
7407472823357,3,250.0,250.0,250.0,250.0,0.0,-16.0,1.0,0.6666666666666666,2023-07-20,2023-06-26,1035,3.75
7413844659488,3,250.0,250.0,250.0,250.0,0.0,-50.0,-50.0,0.0,2023-08-28,2023-08-21,996,12.857142857142858
7414111418474,3,250.0,5001000.0,1667333.3333333333,750.0,2887040.0319069587,-16.0,1.0,0.6666666666666666,2024-02-07,2023-05-03,833,0.3214285714285714
7432347601806,3,250.0,250.0,250.0,250.0,0.0,-50.0,-50.0,0.0,2023-03-08,2023-02-10,1169,3.4615384615384612
7440211473140,3,250.0,250.0,250.0,250.0,0.0,3.0,5.0,1.0,2024-01-12,2023-11-03,859,1.2857142857142856
7457016503916,3,250.0,5001000.0,1667166.6666666667,250.0,2887184.358650021,2.3333333333333335,3.0,1.0,2023-05-02,2023-02-03,1114,1.0227272727272727
7466790899722,3,250.0,250.0,250.0,250.0,0.0,10.166666666666666,22.5,1.0,2024-02-01,2023-11-14,839,1.139240506329114
7471683397659,3,250.0,250.0,250.0,250.0,0.0,3.3333333333333335,8.0,1.0,2023-07-19,2023-06-28,1036,4.285714285714286
7489345971071,3,250.0,250.0,250.0,250.0,0.0,1.0,1.0,1.0,2023-06-12,2023-05-15,1073,3.2142857142857144
7503485240890,3,250.0,250.0,250.0,250.0,0.0,-14.666666666666666,3.0,0.6666666666666666,2023-08-21,2023-07-25,1003,3.333333333333333
7506963679612,3,250.0,250.0,250.0,250.0,0.0,-32.333333333333336,3.0,0.3333333333333333,2023-05-16,2023-02-13,1100,0.9782608695652173
7520702590440,3,250.0,250.0,250.0,250.0,0.0,18.0,45.0,1.0,2024-06-24,2024-04-03,695,1.0975609756097562
7527687185485,3,250.0,250.0,250.0,250.0,0.0,-50.0,-50.0,0.0,2023-12-14,2023-02-16,888,0.29900332225913623
7536780673169,3,250.0,250.0,250.0,250.0,0.0,-33.0,1.0,0.3333333333333333,2023-04-17,2023-03-24,1129,3.75
7543254413241,3,250.0,1500.0,1083.3333333333333,1500.0,721.6878364870322,-50.0,-50.0,0.0,2023-12-22,2023-11-23,880,3.103448275862069
7552600952512,3,250.0,750.0,416.6666666666667,250.0,288.6751345948129,2.3333333333333335,5.0,1.0,2023-05-19,2023-04-05,1097,2.0454545454545454
7555369767391,3,750.0,1500.0,1250.0,1500.0,433.0127018922193,2.3333333333333335,5.0,1.0,2023-07-31,2023-07-06,1024,3.5999999999999996
7585938391962,3,250.0,250.0,250.0,250.0,0.0,3.3333333333333335,8.0,1.0,2023-06-12,2023-04-13,1073,1.5
7615097701411,3,250.0,750.0,583.3333333333334,750.0,288.67513459481285,1.0,1.0,1.0,2023-08-08,2023-07-18,1016,4.285714285714286
7645626551473,3,250.0,250.0,250.0,250.0,0.0,3.3333333333333335,8.0,1.0,2023-09-11,2023-08-15,982,3.333333333333333
7654506612274,3,750.0,1500.0,1250.0,1500.0,433.0127018922193,-16.0,1.0,0.6666666666666666,2023-08-23,2023-06-27,1001,1.5789473684210527
7669595964649,3,250.0,750.0,583.3333333333334,750.0,288.67513459481285,-29.166666666666668,12.5,0.3333333333333333,2024-12-19,2024-11-27,517,4.090909090909091
7670795408763,3,250.0,250.0,250.0,250.0,0.0,-9.833333333333334,12.5,0.6666666666666666,2024-10-08,2024-09-13,589,3.5999999999999996
7676151941197,3,750.0,750.0,750.0,750.0,0.0,-31.666666666666668,5.0,0.3333333333333333,2023-11-17,2023-11-07,915,9.0
7679208252726,3,250.0,250.0,250.0,250.0,0.0,10.166666666666666,22.5,1.0,2023-09-13,2023-08-16,980,3.2142857142857144
7680575407306,3,250.0,750.0,416.6666666666667,250.0,288.6751345948129,-50.0,-50.0,0.0,2022-06-28,2022-04-25,1422,1.40625
7684070612804,3,250.0,1500.0,833.3333333333334,750.0,629.1528696058958,1.0,1.0,1.0,2023-02-28,2023-02-13,1177,6.0
7701153207732,3,250.0,250.0,250.0,250.0,0.0,-50.0,-50.0,0.0,2023-11-20,2023-11-20,912,3.0
7709813376283,3,250.0,250.0,250.0,250.0,0.0,2.3333333333333335,3.0,1.0,2023-06-09,2023-05-18,1076,4.090909090909091
